customer_id,signup_date,country,city,segment,lifetime_value_cents,is_active
0000001,2024-10-31,GB,Manchester,smb,5870,1
0000002,2023-07-10,US,Boston,consumer,28797,1
0000003,2023-12-30,GB,Bristol,consumer,16534,1
0000004,2023-02-19,FR,Besançon,consumer,14805,1
0000005,2024-01-17,US,Austin,smb,25973,1
0000006,2024-04-17,FR,Angers,smb,32279,1
0000007,2024-02-21,PL,Łódź,consumer,19705,1
0000008,2024-07-26,DE,München,consumer,27696,1
0000009,2024-09-08,DE,Köln,consumer,8397,1
0000010,2023-07-21,BR,Belém,consumer,13275,1
0000011,2023-07-20,FR,Besançon,consumer,22073,1
0000012,2024-08-18,PL,Gdańsk,consumer,20324,1
0000013,2023-03-28,US,Portland,consumer,10756,1
0000014,2023-07-30,GB,Bristol,consumer,7392,1
0000015,2023-06-25,PL,Kraków,consumer,13714,1
0000016,2024-08-22,US,Austin,consumer,7314,1
0000017,2023-03-15,US,Boston,smb,22237,1
0000018,2024-03-01,ES,Córdoba,consumer,17862,1
0000019,2023-04-14,PL,Kraków,consumer,27574,1
0000020,2024-06-14,US,Portland,enterprise,24351,1
0000021,2023-06-24,FR,Angers,smb,23595,1
0000022,2023-07-01,US,Portland,smb,11583,1
0000023,2024-01-14,US,Portland,consumer,12024,1
0000024,2023-11-30,US,Portland,consumer,7021,1
0000025,2023-05-14,US,Boston,consumer,11435,1
0000026,2023-12-03,GB,Bristol,consumer,22894,1
0000027,2023-06-25,US,Portland,smb,11302,1
0000028,2024-06-03,US,Portland,consumer,27340,1
0000029,2023-02-07,PL,Gdańsk,consumer,5309,1
0000030,2023-05-15,PL,Kraków,consumer,21549,1
0000031,2024-03-03,PL,Kraków,consumer,10563,1
0000032,2023-09-26,SE,Örebro,enterprise,23506,1
0000033,2024-03-15,DE,Düsseldorf,enterprise,8548,1
0000034,2023-06-12,FR,Nîmes,smb,10987,1
0000035,2023-09-02,ES,Gijón,consumer,10180,1
0000036,2024-02-13,US,Austin,enterprise,21307,1
0000037,2024-01-21,SE,Göteborg,consumer,13884,1
0000038,2024-02-24,US,Austin,smb,14092,1
0000039,2023-03-02,DE,Köln,consumer,4282,1
0000040,2024-11-01,GB,Leeds,enterprise,20140,1
0000041,2024-02-16,US,Portland,smb,35725,1
0000042,2024-06-29,CH,Zürich,smb,25304,1
0000043,2023-08-05,BR,São Paulo,consumer,6447,1
0000044,2024-06-25,GB,Leeds,consumer,27035,1
0000045,2023-08-15,GB,Leeds,smb,17935,1
0000046,2024-06-01,CH,Basel,enterprise,3690,1
0000047,2024-01-23,SE,Malmö,consumer,17869,1
0000048,2023-08-17,US,Boston,enterprise,42369,1
0000049,2023-10-19,SE,Malmö,consumer,17180,1
0000050,2024-11-03,FR,Besançon,consumer,36982,1
0000051,2023-09-27,PL,Gdańsk,smb,39234,1
0000052,2024-09-22,GB,Manchester,consumer,8726,1
0000053,2023-02-09,BR,Curitiba,consumer,4016,1
0000054,2023-11-22,SE,Göteborg,consumer,12563,1
0000055,2024-03-15,US,Boston,consumer,18945,1
0000056,2024-01-30,BR,Curitiba,consumer,52216,1
0000057,2024-02-28,US,Austin,consumer,6189,1
0000058,2023-03-17,US,Portland,consumer,18330,1
0000059,2023-12-17,SE,Malmö,consumer,8952,1
0000060,2024-01-03,US,Austin,consumer,31107,1
0000061,2023-12-19,US,Portland,consumer,5897,1
0000062,2024-09-25,GB,Manchester,smb,10029,1
0000063,2024-07-15,DE,München,consumer,46344,1
0000064,2023-09-28,PL,Łódź,consumer,29560,1
0000065,2023-02-19,US,Portland,consumer,6348,1
0000066,2024-07-24,BR,São Paulo,smb,55811,1
0000067,2024-02-14,US,Portland,consumer,6764,1
0000068,2023-06-16,FR,Nîmes,smb,19932,1
0000069,2023-04-09,DE,Köln,consumer,8605,1
0000070,2024-07-06,DE,Köln,consumer,10310,1
0000071,2023-02-23,SE,Malmö,consumer,17095,1
0000072,2023-02-07,US,Boston,consumer,16936,1
0000073,2024-10-12,GB,Bristol,consumer,35866,1
0000074,2024-01-04,US,Boston,smb,10714,1
0000075,2023-04-22,CH,Basel,smb,40854,1
0000076,2024-10-27,BR,Belém,smb,4796,1
0000077,2024-12-10,DE,Köln,consumer,45262,1
0000078,2024-10-08,US,Austin,enterprise,10973,1
0000079,2023-08-17,US,Austin,enterprise,37971,1
0000080,2023-04-30,US,Boston,smb,23785,1
0000081,2024-01-18,DE,Köln,consumer,13179,1
0000082,2024-01-17,US,Portland,consumer,38016,1
0000083,2024-12-20,US,Boston,consumer,1563,1
0000084,2023-09-15,SE,Malmö,consumer,7180,1
0000085,2024-03-16,GB,Manchester,smb,11443,1
0000086,2024-08-15,PL,Kraków,consumer,4264,1
0000087,2024-03-04,PL,Gdańsk,enterprise,21422,1
0000088,2024-10-07,US,Portland,consumer,11505,1
0000089,2024-01-12,GB,Manchester,consumer,36522,1
0000090,2023-09-25,GB,Bristol,consumer,8279,1
0000091,2023-11-11,ES,Málaga,enterprise,17146,1
0000092,2023-12-10,US,Portland,consumer,16076,1
0000093,2024-12-28,BR,Curitiba,consumer,49081,1
0000094,2023-02-25,US,Austin,consumer,11902,1
0000095,2023-10-15,FR,Besançon,consumer,18973,1
0000096,2023-07-02,GB,Leeds,smb,8023,1
0000097,2024-02-12,CH,Zürich,smb,13188,1
0000098,2024-07-23,GB,Bristol,consumer,9651,1
0000099,2023-03-25,SE,Göteborg,smb,13931,1
0000100,2024-03-09,SE,Göteborg,consumer,3595,1
0000101,2024-06-27,US,Portland,consumer,5524,1
0000102,2024-07-20,DE,Köln,consumer,80402,1
0000103,2024-02-04,US,Boston,smb,19328,1
0000104,2023-11-12,US,Austin,consumer,6207,1
0000105,2023-04-02,BR,Belém,consumer,20639,1
0000106,2023-03-29,PL,Łódź,smb,13498,1
0000107,2023-12-20,CH,Basel,consumer,12112,1
0000108,2024-12-18,PL,Łódź,consumer,9428,1
0000109,2024-01-06,CH,Zürich,smb,16879,1
0000110,2023-09-13,US,Portland,consumer,15626,1
0000111,2023-06-27,GB,Bristol,consumer,18986,1
0000112,2023-05-17,US,Boston,consumer,77207,1
0000113,2023-10-10,ES,Córdoba,consumer,19944,1
0000114,2023-11-29,BR,Belém,consumer,5431,1
0000115,2024-10-19,PL,Łódź,consumer,21298,1
0000116,2024-11-26,DE,Köln,enterprise,28562,1
0000117,2024-07-18,US,Boston,consumer,10161,1
0000118,2023-02-16,ES,Málaga,consumer,15617,1
0000119,2023-08-03,PL,Łódź,consumer,12258,1
0000120,2024-09-29,BR,Curitiba,consumer,39415,1
0000121,2023-07-03,GB,Manchester,consumer,17145,1
0000122,2024-04-07,CH,Zürich,consumer,11080,1
0000123,2024-09-08,FR,Besançon,enterprise,45351,1
0000124,2024-03-16,US,Boston,consumer,27441,1
0000125,2024-03-04,DE,Düsseldorf,consumer,5790,1
0000126,2024-04-11,SE,Örebro,smb,35742,1
0000127,2023-05-15,DE,Köln,consumer,33260,1
0000128,2024-01-31,DE,Düsseldorf,consumer,45756,1
0000129,2024-08-13,BR,São Paulo,consumer,11811,1
0000130,2023-06-18,PL,Łódź,consumer,8268,1
0000131,2024-12-08,US,Boston,smb,26049,1
0000132,2024-08-13,US,Portland,consumer,15832,1
0000133,2023-10-14,BR,Curitiba,smb,47656,1
0000134,2024-10-27,ES,Málaga,smb,3145,1
0000135,2023-03-02,US,Portland,consumer,9748,1
0000136,2023-03-02,US,Austin,smb,23693,1
0000137,2023-03-22,US,Austin,enterprise,15384,1
0000138,2023-03-11,ES,Córdoba,consumer,8475,1
0000139,2024-09-06,SE,Malmö,consumer,32825,1
0000140,2024-09-04,DE,Köln,smb,1021,1
0000141,2023-08-11,BR,Belém,enterprise,20341,1
0000142,2023-07-17,BR,Curitiba,consumer,22966,1
0000143,2023-08-16,US,Austin,consumer,19699,1
0000144,2024-11-01,US,Austin,consumer,9296,1
0000145,2023-08-09,SE,Örebro,consumer,17871,1
0000146,2024-05-13,BR,Belém,consumer,18365,1
0000147,2023-12-26,DE,Düsseldorf,consumer,13296,1
0000148,2024-05-26,US,Austin,consumer,29873,1
0000149,2023-08-04,US,Portland,consumer,39636,1
0000150,2024-04-08,BR,São Paulo,enterprise,7331,1
0000151,2023-10-31,GB,Leeds,consumer,15133,1
0000152,2024-02-01,US,Portland,consumer,27319,1
0000153,2024-03-11,GB,Manchester,smb,61554,1
0000154,2024-10-11,DE,Köln,consumer,1686,1
0000155,2024-12-10,IS,Reykjavík,consumer,16288,1
0000156,2023-09-09,GB,Manchester,consumer,3023,1
0000157,2023-02-24,GB,Manchester,consumer,7535,1
0000158,2024-02-16,US,Boston,consumer,21952,1
0000159,2023-12-17,CH,Basel,consumer,10159,1
0000160,2024-10-16,DE,Köln,smb,8545,1
0000161,2023-10-23,DE,München,consumer,17823,1
0000162,2024-10-30,GB,Leeds,enterprise,8211,1
0000163,2023-05-14,DE,Köln,consumer,26696,1
0000164,2023-07-08,FR,Nîmes,smb,21906,1
0000165,2024-12-29,PL,Łódź,consumer,26849,1
0000166,2024-12-29,GB,Leeds,enterprise,4416,1
0000167,2024-06-14,DE,Düsseldorf,enterprise,8418,1
0000168,2023-05-18,FR,Angers,consumer,11927,1
0000169,2023-05-20,US,Boston,smb,36318,1
0000170,2023-09-01,DE,Düsseldorf,smb,7718,1
0000171,2023-09-01,BR,Belém,enterprise,36864,1
0000172,2024-01-14,DE,Düsseldorf,smb,7222,1
0000173,2023-06-12,FR,Nîmes,consumer,6866,1
0000174,2023-08-06,PL,Łódź,smb,26408,1
0000175,2023-07-27,US,Austin,consumer,20042,1
0000176,2023-10-31,BR,Curitiba,consumer,21219,1
0000177,2024-02-15,PL,Łódź,consumer,28577,1
0000178,2023-08-24,US,Boston,consumer,9612,1
0000179,2023-11-14,GB,Leeds,consumer,20541,1
0000180,2024-02-16,PL,Łódź,consumer,19151,1
0000181,2024-07-12,GB,Bristol,consumer,11359,1
0000182,2023-03-11,US,Portland,consumer,31130,1
0000183,2024-02-27,US,Austin,consumer,19909,1
0000184,2023-03-15,ES,Córdoba,consumer,19428,1
0000185,2024-10-03,SE,Örebro,smb,15820,1
0000186,2024-10-10,US,Boston,enterprise,31301,1
0000187,2023-07-02,FR,Angers,consumer,14701,1
0000188,2023-11-01,GB,Leeds,smb,7251,1
0000189,2023-03-09,US,Austin,smb,5402,1
0000190,2023-11-17,SE,Örebro,consumer,11844,1
0000191,2024-09-20,US,Boston,smb,6368,1
0000192,2024-07-28,US,Portland,consumer,10749,1
0000193,2023-11-17,US,Portland,smb,23405,1
0000194,2023-10-03,US,Austin,consumer,31067,1
0000195,2023-12-28,GB,Manchester,enterprise,69951,1
0000196,2023-10-21,US,Austin,consumer,38574,1
0000197,2024-10-04,PL,Kraków,consumer,14349,1
0000198,2023-03-29,US,Boston,consumer,7643,1
0000199,2024-01-04,US,Portland,enterprise,24138,1
0000200,2023-05-26,BR,São Paulo,consumer,19674,1
0000201,2023-12-03,US,Boston,enterprise,11691,1
0000202,2024-05-13,BR,Belém,smb,2197,1
0000203,2024-03-02,US,Austin,consumer,3471,1
0000204,2023-06-02,GB,Manchester,consumer,27990,1
0000205,2023-09-22,US,Boston,consumer,64359,1
0000206,2024-10-10,BR,Curitiba,smb,9392,1
0000207,2024-09-23,US,Austin,consumer,11803,1
0000208,2023-08-27,BR,São Paulo,consumer,14021,1
0000209,2023-07-22,FR,Besançon,smb,24182,1
0000210,2023-12-31,ES,Gijón,consumer,28036,1
0000211,2023-03-03,GB,Leeds,smb,6869,1
0000212,2023-12-09,US,Boston,consumer,12884,1
0000213,2023-05-22,DE,Köln,consumer,39052,1
0000214,2024-04-02,DE,Köln,consumer,18204,1
0000215,2023-03-30,GB,Leeds,consumer,6507,1
0000216,2024-09-18,SE,Örebro,smb,20893,1
0000217,2024-08-20,US,Boston,consumer,9570,1
0000218,2024-06-11,PL,Gdańsk,smb,834,1
0000219,2024-06-27,BR,São Paulo,consumer,7302,1
0000220,2024-07-15,SE,Örebro,consumer,13012,1
0000221,2023-06-25,ES,Córdoba,consumer,17489,1
0000222,2023-07-17,GB,Manchester,enterprise,24802,1
0000223,2023-03-22,US,Austin,consumer,22440,1
0000224,2023-05-21,FR,Besançon,consumer,53246,1
0000225,2024-03-06,PL,Łódź,smb,7837,1
0000226,2023-04-06,US,Austin,smb,4689,1
0000227,2023-05-19,US,Portland,consumer,6861,1
0000228,2023-12-27,US,Boston,smb,19229,1
0000229,2024-04-02,DE,München,consumer,28078,1
0000230,2024-08-30,PL,Gdańsk,consumer,13220,1
0000231,2023-09-06,US,Portland,consumer,17291,1
0000232,2024-02-23,CH,Basel,consumer,14223,1
0000233,2024-09-04,SE,Örebro,enterprise,17315,1
0000234,2023-08-28,FR,Nîmes,consumer,36497,1
0000235,2023-02-12,US,Portland,smb,19631,1
0000236,2023-07-18,FR,Besançon,smb,5176,1
0000237,2024-02-14,CH,Zürich,consumer,24925,1
0000238,2023-05-06,GB,Bristol,consumer,5061,1
0000239,2023-02-28,BR,Curitiba,smb,18083,1
0000240,2023-10-02,IS,Akureyri,consumer,2829,1
0000241,2024-01-12,US,Portland,consumer,9727,1
0000242,2023-07-07,GB,Leeds,consumer,17986,1
0000243,2024-07-16,BR,Belém,consumer,9240,1
0000244,2024-03-19,FR,Angers,consumer,8825,1
0000245,2024-06-29,FR,Nîmes,consumer,25725,1
0000246,2023-03-26,PL,Kraków,consumer,2702,1
0000247,2024-04-18,FR,Besançon,smb,17903,1
0000248,2024-10-17,GB,Leeds,enterprise,20806,1
0000249,2023-08-03,GB,Bristol,consumer,24916,1
0000250,2023-08-03,SE,Malmö,consumer,8937,1
0000251,2024-07-22,US,Boston,smb,15376,1
0000252,2023-05-12,ES,Gijón,smb,8890,1
0000253,2023-07-20,DE,Köln,consumer,10707,1
0000254,2024-03-27,GB,Manchester,smb,5867,1
0000255,2024-01-01,FR,Angers,smb,68395,1
0000256,2024-05-03,US,Austin,consumer,1873,1
0000257,2024-10-13,CH,Basel,consumer,12899,1
0000258,2024-06-23,GB,Bristol,consumer,22791,1
0000259,2024-02-22,DE,Düsseldorf,smb,24678,1
0000260,2023-08-18,US,Austin,enterprise,17088,1
0000261,2023-12-25,GB,Bristol,smb,23344,1
0000262,2024-09-28,US,Austin,smb,4549,1
0000263,2024-11-20,US,Boston,consumer,10905,1
0000264,2024-04-02,US,Austin,consumer,13065,1
0000265,2024-11-05,GB,Bristol,enterprise,22910,1
0000266,2024-11-15,US,Austin,smb,6998,1
0000267,2023-04-26,DE,Düsseldorf,consumer,11543,1
0000268,2024-05-06,CH,Zürich,consumer,14796,1
0000269,2023-02-15,US,Austin,consumer,14071,1
0000270,2024-06-16,US,Portland,consumer,2969,1
0000271,2024-06-01,DE,München,consumer,18392,1
0000272,2023-12-28,ES,Gijón,smb,4312,1
0000273,2024-08-30,PL,Łódź,consumer,63205,1
0000274,2024-09-15,SE,Örebro,consumer,19970,1
0000275,2023-10-15,FR,Besançon,enterprise,23498,1
0000276,2024-03-01,US,Portland,consumer,9721,1
0000277,2023-09-19,FR,Besançon,consumer,10488,1
0000278,2023-04-11,DE,Köln,enterprise,26192,1
0000279,2024-03-08,BR,São Paulo,consumer,10586,1
0000280,2023-10-02,CH,Basel,enterprise,12321,1
0000281,2023-03-17,US,Boston,smb,7298,1
0000282,2023-03-02,US,Portland,consumer,966,1
0000283,2023-02-12,BR,Curitiba,consumer,12782,1
0000284,2024-02-18,US,Austin,consumer,12329,1
0000285,2023-10-15,IS,Selfoss,smb,30790,1
0000286,2024-04-07,SE,Örebro,smb,6712,1
0000287,2024-01-24,SE,Malmö,consumer,23850,1
0000288,2024-04-01,US,Boston,consumer,24718,1
0000289,2024-09-10,US,Boston,enterprise,12682,1
0000290,2025-01-01,US,Austin,smb,3180,1
0000291,2023-12-13,US,Austin,consumer,5981,1
0000292,2023-07-05,US,Portland,consumer,32294,1
0000293,2023-04-03,US,Boston,enterprise,6629,1
0000294,2024-02-01,PL,Kraków,smb,18528,1
0000295,2024-01-30,GB,Leeds,consumer,5389,1
0000296,2024-11-29,ES,Málaga,consumer,15687,1
0000297,2024-05-23,FR,Nîmes,consumer,18469,1
0000298,2024-09-27,FR,Besançon,enterprise,25973,1
0000299,2024-09-16,DE,Köln,consumer,1109,1
0000300,2024-10-16,BR,São Paulo,consumer,33464,1
0000301,2023-09-08,US,Portland,smb,16180,1
0000302,2023-05-18,US,Boston,consumer,47079,1
0000303,2023-04-15,FR,Besançon,smb,6831,1
0000304,2023-07-10,DE,München,smb,11784,1
0000305,2023-02-24,IS,Reykjavík,consumer,46771,1
0000306,2023-11-06,US,Austin,consumer,6642,1
0000307,2023-12-15,GB,Leeds,consumer,20751,1
0000308,2023-06-22,GB,Manchester,consumer,23659,1
0000309,2023-06-05,PL,Łódź,enterprise,19318,1
0000310,2024-11-08,BR,Curitiba,consumer,15992,1
0000311,2023-09-28,US,Portland,consumer,44254,1
0000312,2023-08-13,FR,Nîmes,consumer,36983,1
0000313,2024-09-20,FR,Besançon,consumer,15140,1
0000314,2023-11-13,GB,Leeds,consumer,5544,1
0000315,2023-06-25,SE,Göteborg,consumer,4384,1
0000316,2024-01-12,PL,Łódź,enterprise,14092,1
0000317,2023-11-24,BR,São Paulo,consumer,15133,1
0000318,2023-11-19,US,Boston,consumer,15519,1
0000319,2024-09-08,GB,Leeds,enterprise,13312,1
0000320,2023-10-24,US,Boston,consumer,4657,1
0000321,2024-05-06,FR,Besançon,consumer,2344,1
0000322,2023-09-25,DE,München,consumer,29798,1
0000323,2023-05-19,IS,Selfoss,enterprise,15456,1
0000324,2023-05-01,US,Portland,consumer,5603,1
0000325,2023-07-25,DE,Köln,consumer,35479,1
0000326,2023-09-15,US,Austin,consumer,13515,1
0000327,2024-09-19,CH,Basel,consumer,17668,1
0000328,2024-03-14,GB,Manchester,smb,9237,1
0000329,2024-03-08,GB,Leeds,enterprise,8821,1
0000330,2024-03-22,FR,Angers,smb,10797,1
0000331,2024-02-08,FR,Angers,consumer,5273,1
0000332,2024-09-19,US,Austin,consumer,38674,1
0000333,2023-02-13,SE,Malmö,consumer,5143,1
0000334,2023-04-04,US,Austin,smb,2100,1
0000335,2023-10-07,ES,Málaga,enterprise,13674,1
0000336,2024-04-11,BR,Curitiba,consumer,41439,1
0000337,2023-07-06,GB,Leeds,smb,7842,1
0000338,2023-04-10,US,Boston,consumer,11519,1
0000339,2024-03-06,GB,Bristol,consumer,11425,1
0000340,2023-07-31,IS,Akureyri,smb,15417,1
0000341,2023-03-22,US,Portland,smb,16574,1
0000342,2023-04-21,FR,Nîmes,consumer,90544,1
0000343,2024-04-07,US,Boston,consumer,29310,1
0000344,2024-03-21,BR,Curitiba,consumer,9998,1
0000345,2024-05-10,DE,Düsseldorf,consumer,18475,1
0000346,2024-04-12,PL,Łódź,consumer,19260,1
0000347,2024-11-30,CH,Zürich,consumer,24154,1
0000348,2024-05-09,SE,Örebro,consumer,3708,1
0000349,2023-11-20,FR,Nîmes,smb,8298,1
0000350,2023-04-26,US,Boston,consumer,4185,1
0000351,2024-11-23,US,Portland,smb,14465,1
0000352,2024-02-09,DE,Düsseldorf,consumer,6072,1
0000353,2024-07-14,US,Portland,consumer,2007,1
0000354,2023-10-03,FR,Besançon,consumer,14857,1
0000355,2024-05-28,GB,Bristol,smb,14677,1
0000356,2023-07-16,FR,Besançon,consumer,28924,1
0000357,2024-04-28,CH,Genève,consumer,5545,1
0000358,2023-03-06,GB,Leeds,consumer,34612,1
0000359,2024-03-10,FR,Nîmes,consumer,2634,1
0000360,2024-10-26,GB,Bristol,smb,9408,1
0000361,2024-11-05,US,Boston,smb,11661,1
0000362,2024-07-08,DE,München,consumer,8436,1
0000363,2023-08-03,US,Portland,consumer,3297,1
0000364,2024-06-08,US,Boston,consumer,16223,1
0000365,2024-12-02,DE,Köln,enterprise,8869,1
0000366,2024-08-10,SE,Malmö,consumer,12530,1
0000367,2024-04-07,FR,Besançon,smb,5648,1
0000368,2024-06-30,GB,Bristol,smb,20102,1
0000369,2024-08-25,SE,Malmö,consumer,29646,1
0000370,2024-07-14,FR,Angers,smb,38642,1
0000371,2023-08-17,IS,Selfoss,consumer,2041,1
0000372,2024-07-12,PL,Łódź,consumer,7013,1
0000373,2024-12-30,US,Boston,smb,13151,1
0000374,2023-07-07,ES,Córdoba,consumer,13113,1
0000375,2023-06-04,GB,Manchester,consumer,15897,1
0000376,2024-03-03,US,Austin,enterprise,20835,1
0000377,2023-05-28,PL,Gdańsk,consumer,18892,1
0000378,2023-03-06,DE,Köln,consumer,5208,1
0000379,2023-04-30,SE,Örebro,consumer,27479,1
0000380,2024-12-11,US,Boston,consumer,27835,1
0000381,2024-11-12,GB,Leeds,consumer,18619,1
0000382,2024-02-11,US,Austin,enterprise,19250,1
0000383,2024-09-24,BR,Curitiba,smb,20885,1
0000384,2023-06-09,BR,Curitiba,consumer,5141,1
0000385,2023-03-21,US,Austin,consumer,10049,1
0000386,2024-05-07,FR,Nîmes,consumer,14977,1
0000387,2023-06-02,SE,Malmö,smb,16574,1
0000388,2024-08-06,US,Portland,consumer,13760,1
0000389,2023-12-12,FR,Besançon,consumer,12219,1
0000390,2023-02-06,CH,Zürich,consumer,28507,1
0000391,2024-03-04,GB,Bristol,consumer,13799,1
0000392,2024-09-17,PL,Kraków,consumer,23368,1
0000393,2024-03-18,US,Portland,consumer,31844,1
0000394,2023-08-12,FR,Besançon,consumer,3825,1
0000395,2023-10-30,ES,Gijón,consumer,3317,1
0000396,2023-03-08,US,Portland,consumer,25272,1
0000397,2023-11-20,ES,Córdoba,consumer,3884,1
0000398,2024-12-04,US,Portland,consumer,11751,1
0000399,2024-09-03,US,Austin,consumer,39588,1
0000400,2024-06-04,SE,Göteborg,consumer,36049,1
0000401,2023-04-16,FR,Nîmes,consumer,25790,1
0000402,2023-12-05,GB,Manchester,consumer,16571,1
0000403,2024-08-22,FR,Angers,consumer,8021,1
0000404,2023-10-07,US,Boston,consumer,23636,1
0000405,2023-06-02,BR,Curitiba,consumer,24210,1
0000406,2024-10-29,GB,Manchester,smb,25614,1
0000407,2023-04-21,ES,Málaga,consumer,38773,1
0000408,2024-05-18,US,Portland,enterprise,2816,1
0000409,2023-04-03,FR,Angers,consumer,15614,1
0000410,2023-09-22,CH,Genève,smb,11416,1
0000411,2024-06-19,US,Boston,consumer,18979,1
0000412,2023-09-17,GB,Manchester,consumer,23358,1
0000413,2023-07-13,US,Austin,enterprise,1252,1
0000414,2023-03-06,ES,Córdoba,consumer,14946,1
0000415,2023-08-18,BR,Curitiba,consumer,17481,1
0000416,2023-02-18,GB,Bristol,consumer,21372,1
0000417,2023-08-30,DE,Köln,consumer,29622,1
0000418,2023-04-30,PL,Kraków,consumer,26443,1
0000419,2024-05-17,PL,Kraków,consumer,29399,1
0000420,2024-05-21,US,Boston,consumer,16215,1
0000421,2023-06-15,US,Austin,consumer,9580,1
0000422,2024-07-15,GB,Leeds,smb,6410,1
0000423,2024-12-18,BR,Curitiba,consumer,12751,1
0000424,2023-07-30,GB,Bristol,consumer,65120,1
0000425,2023-08-31,SE,Göteborg,smb,16809,1
0000426,2024-07-17,SE,Göteborg,consumer,16417,1
0000427,2024-04-23,US,Portland,smb,39031,1
0000428,2024-03-21,FR,Angers,consumer,32376,1
0000429,2024-04-20,US,Portland,consumer,5674,1
0000430,2024-12-27,DE,München,consumer,38835,1
0000431,2023-08-31,PL,Kraków,consumer,5418,1
0000432,2023-07-09,IS,Reykjavík,consumer,3061,1
0000433,2023-03-11,BR,Belém,smb,36137,1
0000434,2024-09-16,US,Portland,consumer,9164,1
0000435,2023-10-17,US,Boston,consumer,13310,1
0000436,2024-11-14,US,Austin,consumer,15730,1
0000437,2024-07-29,SE,Göteborg,enterprise,3913,1
0000438,2023-09-25,US,Portland,consumer,23942,1
0000439,2024-01-13,US,Portland,smb,15099,1
0000440,2023-12-12,GB,Manchester,smb,17194,1
0000441,2024-12-16,US,Austin,consumer,14234,1
0000442,2023-02-02,FR,Besançon,consumer,21511,1
0000443,2024-05-22,BR,Curitiba,enterprise,32334,1
0000444,2024-05-24,GB,Leeds,consumer,23081,1
0000445,2023-07-17,PL,Kraków,smb,24703,1
0000446,2024-04-29,US,Austin,consumer,7532,1
0000447,2024-03-31,BR,Curitiba,consumer,39768,1
0000448,2024-05-21,DE,Köln,enterprise,5200,1
0000449,2024-06-28,GB,Leeds,consumer,15936,1
0000450,2024-09-23,US,Austin,consumer,11181,1
0000451,2024-06-19,DE,Düsseldorf,consumer,20864,1
0000452,2024-11-15,DE,Düsseldorf,consumer,7865,1
0000453,2024-10-24,BR,Curitiba,consumer,12074,1
0000454,2024-12-08,CH,Basel,consumer,13884,1
0000455,2024-11-17,US,Austin,consumer,6824,1
0000456,2023-05-10,US,Austin,smb,8358,1
0000457,2024-03-11,FR,Angers,consumer,35502,1
0000458,2024-03-31,US,Austin,smb,15436,1
0000459,2023-12-21,FR,Besançon,consumer,45144,1
0000460,2023-07-26,SE,Malmö,consumer,1692,1
0000461,2023-10-05,GB,Leeds,consumer,24531,1
0000462,2023-07-25,DE,Köln,consumer,10963,1
0000463,2024-12-02,CH,Zürich,consumer,17241,1
0000464,2023-06-05,FR,Angers,consumer,18396,1
0000465,2024-08-29,US,Portland,enterprise,16322,1
0000466,2024-02-22,FR,Angers,consumer,39448,1
0000467,2024-02-18,PL,Łódź,consumer,5002,1
0000468,2024-08-20,US,Portland,smb,12231,1
0000469,2024-12-28,US,Portland,enterprise,7056,1
0000470,2023-12-02,GB,Manchester,consumer,47183,1
0000471,2023-12-27,CH,Basel,consumer,5217,1
0000472,2024-11-28,SE,Malmö,consumer,13682,1
0000473,2024-07-04,DE,Düsseldorf,consumer,3031,1
0000474,2023-07-21,CH,Basel,smb,16794,1
0000475,2024-10-01,SE,Örebro,consumer,4293,1
0000476,2024-01-02,US,Boston,enterprise,7491,1
0000477,2024-04-23,US,Austin,consumer,4017,1
0000478,2025-01-01,US,Austin,enterprise,19658,1
0000479,2023-05-25,FR,Besançon,smb,40764,1
0000480,2023-04-19,PL,Gdańsk,consumer,12211,1
0000481,2024-05-08,GB,Bristol,consumer,51254,1
0000482,2024-08-04,IS,Akureyri,smb,6604,1
0000483,2023-04-18,US,Boston,smb,4283,1
0000484,2024-10-24,DE,Köln,consumer,20431,1
0000485,2023-10-03,US,Portland,consumer,8450,1
0000486,2023-05-10,DE,Köln,enterprise,6925,1
0000487,2024-05-07,GB,Bristol,consumer,27842,1
0000488,2024-06-30,GB,Manchester,smb,12941,1
0000489,2023-08-31,FR,Nîmes,consumer,4010,1
0000490,2024-10-24,IS,Selfoss,consumer,1104,1
0000491,2024-08-15,GB,Manchester,consumer,14489,1
0000492,2023-05-16,ES,Gijón,consumer,20299,1
0000493,2024-02-27,US,Boston,smb,21948,1
0000494,2024-12-02,FR,Besançon,consumer,9248,1
0000495,2023-04-01,BR,Belém,enterprise,9477,1
0000496,2023-06-17,DE,Düsseldorf,consumer,5019,1
0000497,2024-06-13,GB,Bristol,consumer,16027,1
0000498,2023-02-22,BR,Belém,consumer,7547,1
0000499,2023-10-01,FR,Nîmes,consumer,23390,1
0000500,2024-05-22,US,Portland,consumer,35266,1
0000501,2023-11-24,GB,Bristol,consumer,9637,1
0000502,2024-04-25,US,Boston,consumer,15803,1
0000503,2023-06-20,DE,München,consumer,13093,1
0000504,2023-03-21,US,Boston,consumer,29279,1
0000505,2024-04-08,SE,Malmö,consumer,18789,1
0000506,2024-02-13,BR,Curitiba,consumer,8818,1
0000507,2024-11-13,CH,Genève,smb,45651,1
0000508,2024-04-11,BR,São Paulo,enterprise,29864,1
0000509,2023-05-08,BR,Curitiba,consumer,10381,1
0000510,2024-08-04,DE,München,consumer,13697,1
0000511,2023-02-22,US,Austin,consumer,23894,1
0000512,2023-03-24,US,Portland,consumer,40882,1
0000513,2023-05-19,ES,Gijón,enterprise,19765,1
0000514,2024-04-02,BR,São Paulo,smb,15273,1
0000515,2023-03-19,US,Boston,consumer,19635,1
0000516,2023-09-13,SE,Göteborg,consumer,33581,1
0000517,2024-07-18,IS,Reykjavík,enterprise,26277,1
0000518,2024-01-20,IS,Akureyri,consumer,18102,1
0000519,2023-04-26,BR,Curitiba,consumer,52397,1
0000520,2023-04-27,BR,São Paulo,consumer,17059,1
0000521,2024-03-03,ES,Córdoba,consumer,1369,1
0000522,2023-07-09,SE,Malmö,consumer,27124,1
0000523,2023-06-27,SE,Malmö,consumer,5170,1
0000524,2023-05-14,US,Portland,enterprise,15630,1
0000525,2024-10-11,ES,Córdoba,consumer,23329,1
0000526,2024-10-23,FR,Nîmes,consumer,12267,1
0000527,2023-08-10,FR,Nîmes,consumer,34369,1
0000528,2023-11-03,US,Boston,consumer,11313,1
0000529,2023-04-26,US,Boston,consumer,8443,1
0000530,2023-06-25,DE,Köln,consumer,22575,1
0000531,2024-11-16,US,Portland,consumer,19807,1
0000532,2024-12-16,CH,Zürich,smb,33518,1
0000533,2023-10-21,SE,Malmö,consumer,14742,1
0000534,2023-09-22,US,Portland,consumer,17818,1
0000535,2023-03-01,US,Boston,smb,3076,1
0000536,2024-01-02,DE,Düsseldorf,smb,25378,1
0000537,2024-08-24,FR,Besançon,smb,27663,1
0000538,2024-10-26,SE,Göteborg,consumer,20313,1
0000539,2024-07-14,FR,Angers,smb,24015,1
0000540,2024-11-06,DE,München,consumer,12650,1
0000541,2024-09-30,GB,Leeds,smb,20700,1
0000542,2024-03-06,US,Boston,consumer,5918,1
0000543,2023-09-27,US,Austin,consumer,7998,1
0000544,2024-12-04,US,Austin,consumer,13767,1
0000545,2024-05-29,PL,Łódź,consumer,4439,1
0000546,2023-03-18,GB,Manchester,smb,25047,1
0000547,2023-03-18,BR,Curitiba,enterprise,11039,1
0000548,2024-09-14,DE,München,consumer,10719,1
0000549,2023-06-27,US,Portland,smb,28364,1
0000550,2024-02-25,US,Austin,consumer,27410,1
0000551,2024-01-08,SE,Örebro,smb,5346,1
0000552,2024-06-15,DE,Düsseldorf,smb,34626,1
0000553,2023-12-20,US,Boston,consumer,26843,1
0000554,2023-05-31,GB,Leeds,consumer,3011,1
0000555,2023-03-27,SE,Malmö,consumer,22433,1
0000556,2023-06-24,ES,Gijón,smb,18644,1
0000557,2024-03-01,FR,Besançon,consumer,13167,1
0000558,2023-08-27,US,Boston,enterprise,16121,1
0000559,2023-08-14,DE,München,smb,19257,1
0000560,2024-11-08,ES,Córdoba,consumer,8469,1
0000561,2024-11-02,BR,Belém,smb,21036,1
0000562,2024-12-08,US,Austin,smb,48710,1
0000563,2024-04-08,CH,Genève,consumer,22730,1
0000564,2024-01-06,DE,Düsseldorf,consumer,33361,1
0000565,2024-04-28,US,Boston,enterprise,9981,1
0000566,2024-09-16,FR,Nîmes,enterprise,24605,1
0000567,2024-07-03,SE,Malmö,consumer,14898,1
0000568,2023-12-22,GB,Manchester,enterprise,10640,1
0000569,2023-10-03,PL,Łódź,consumer,34938,1
0000570,2023-05-08,GB,Bristol,consumer,7117,1
0000571,2024-03-22,US,Boston,consumer,29349,1
0000572,2024-03-01,US,Austin,consumer,12614,1
0000573,2024-03-11,FR,Nîmes,consumer,37880,1
0000574,2024-08-27,BR,São Paulo,consumer,6706,1
0000575,2023-06-16,DE,München,enterprise,23964,1
0000576,2024-07-25,PL,Kraków,consumer,12067,1
0000577,2023-06-06,CH,Basel,consumer,2892,1
0000578,2024-10-18,US,Boston,consumer,14051,1
0000579,2024-06-22,BR,Belém,smb,4673,1
0000580,2023-02-05,US,Boston,consumer,8527,1
0000581,2023-08-07,CH,Genève,consumer,38694,1
0000582,2023-11-13,US,Austin,consumer,18628,1
0000583,2024-12-20,GB,Bristol,consumer,11712,1
0000584,2024-02-08,ES,Gijón,enterprise,11526,1
0000585,2023-08-17,SE,Örebro,smb,10860,1
0000586,2023-10-06,US,Austin,smb,13711,1
0000587,2023-07-12,US,Portland,consumer,46774,1
0000588,2023-10-18,US,Boston,consumer,29201,1
0000589,2023-08-27,BR,Curitiba,consumer,21000,1
0000590,2024-04-17,BR,São Paulo,smb,15472,1
0000591,2024-01-25,PL,Gdańsk,smb,3777,1
0000592,2024-02-15,DE,Düsseldorf,consumer,16308,1
0000593,2024-04-15,FR,Nîmes,consumer,13186,1
0000594,2023-10-21,US,Portland,consumer,3640,1
0000595,2024-06-18,ES,Córdoba,consumer,20859,1
0000596,2024-08-16,GB,Bristol,enterprise,16371,1
0000597,2024-09-05,DE,Düsseldorf,smb,7423,1
0000598,2023-08-25,US,Austin,smb,4034,1
0000599,2024-04-04,BR,Belém,smb,8918,1
0000600,2024-06-24,PL,Kraków,enterprise,8867,1
0000601,2024-09-19,ES,Málaga,consumer,5481,1
0000602,2024-11-14,FR,Besançon,smb,5212,1
0000603,2024-08-10,US,Portland,consumer,9335,1
0000604,2024-02-23,DE,München,smb,36265,1
0000605,2024-07-24,GB,Leeds,consumer,21572,1
0000606,2024-02-09,GB,Bristol,consumer,14504,1
0000607,2024-08-26,DE,München,consumer,15802,1
0000608,2024-06-25,FR,Nîmes,enterprise,27997,1
0000609,2023-04-12,ES,Málaga,consumer,17578,1
0000610,2024-07-20,PL,Łódź,consumer,35991,1
0000611,2024-12-16,DE,Köln,consumer,4564,1
0000612,2023-05-05,US,Boston,consumer,12440,1
0000613,2024-01-15,PL,Gdańsk,consumer,31351,1
0000614,2023-06-27,ES,Córdoba,consumer,13106,1
0000615,2024-02-08,ES,Málaga,consumer,22422,1
0000616,2024-01-21,DE,Düsseldorf,smb,29537,1
0000617,2023-02-09,US,Austin,consumer,6385,1
0000618,2024-10-17,US,Austin,enterprise,40416,1
0000619,2024-09-11,ES,Málaga,consumer,17925,1
0000620,2024-05-26,US,Boston,consumer,37081,1
0000621,2024-03-05,FR,Nîmes,smb,7468,1
0000622,2024-05-05,US,Portland,consumer,20080,1
0000623,2023-07-29,SE,Göteborg,consumer,9205,1
0000624,2024-11-22,ES,Gijón,smb,4020,1
0000625,2023-09-20,US,Austin,consumer,25868,1
0000626,2024-08-20,CH,Basel,smb,13368,1
0000627,2023-07-13,FR,Nîmes,consumer,7372,1
0000628,2024-09-25,US,Austin,consumer,6513,1
0000629,2024-05-07,FR,Nîmes,smb,16962,1
0000630,2023-02-26,US,Austin,consumer,3084,1
0000631,2023-07-09,GB,Manchester,smb,19328,1
0000632,2023-07-08,CH,Basel,smb,3656,1
0000633,2023-09-16,DE,Köln,consumer,30409,1
0000634,2024-12-29,GB,Bristol,enterprise,19386,1
0000635,2023-04-14,US,Boston,consumer,22343,1
0000636,2024-01-04,CH,Zürich,consumer,13655,1
0000637,2024-09-14,GB,Bristol,smb,28836,1
0000638,2024-04-16,GB,Leeds,smb,10305,1
0000639,2023-08-02,SE,Malmö,consumer,13069,1
0000640,2023-05-09,FR,Angers,consumer,19834,1
0000641,2023-10-03,CH,Basel,consumer,17946,1
0000642,2024-03-25,US,Portland,consumer,5700,1
0000643,2023-02-23,IS,Selfoss,consumer,35011,1
0000644,2024-10-25,FR,Besançon,consumer,11655,1
0000645,2024-07-19,FR,Nîmes,consumer,17385,1
0000646,2024-06-13,FR,Angers,consumer,10967,1
0000647,2023-11-08,SE,Malmö,consumer,14510,1
0000648,2024-06-24,US,Austin,consumer,8420,1
0000649,2023-03-23,US,Austin,consumer,2377,1
0000650,2024-07-28,US,Boston,smb,7787,1
0000651,2023-07-01,FR,Angers,consumer,25707,1
0000652,2023-10-12,US,Boston,consumer,17348,1
0000653,2024-07-12,GB,Manchester,consumer,42106,1
0000654,2023-05-19,DE,Düsseldorf,smb,31331,1
0000655,2024-10-24,SE,Örebro,consumer,16760,1
0000656,2023-10-26,SE,Örebro,consumer,18535,1
0000657,2024-10-19,PL,Kraków,consumer,29398,1
0000658,2023-08-11,GB,Leeds,consumer,12754,1
0000659,2024-11-30,GB,Leeds,enterprise,801,1
0000660,2023-06-07,GB,Manchester,consumer,3484,1
0000661,2023-09-19,US,Portland,enterprise,33105,1
0000662,2024-01-14,IS,Akureyri,consumer,8293,1
0000663,2023-06-23,PL,Gdańsk,consumer,22133,1
0000664,2024-07-13,US,Portland,consumer,12417,1
0000665,2024-05-11,PL,Gdańsk,consumer,2436,1
0000666,2023-06-25,US,Boston,smb,16544,1
0000667,2024-04-02,FR,Angers,consumer,13838,1
0000668,2024-04-30,DE,Köln,smb,33537,1
0000669,2023-11-10,GB,Leeds,consumer,15023,1
0000670,2024-03-19,CH,Zürich,consumer,8258,1
0000671,2023-11-01,PL,Gdańsk,consumer,16625,1
0000672,2023-02-16,BR,Curitiba,consumer,12509,1
0000673,2024-07-21,PL,Łódź,consumer,19646,1
0000674,2023-11-04,DE,Düsseldorf,consumer,11970,1
0000675,2023-03-31,US,Boston,smb,9578,1
0000676,2023-08-22,US,Boston,consumer,8729,1
0000677,2023-06-09,SE,Örebro,smb,18069,1
0000678,2023-05-07,US,Boston,consumer,27602,1
0000679,2024-04-25,US,Austin,enterprise,13267,1
0000680,2023-07-27,US,Portland,consumer,9629,1
0000681,2023-12-15,DE,Köln,consumer,10212,1
0000682,2023-12-27,BR,Belém,smb,2513,1
0000683,2024-05-08,US,Austin,consumer,9966,1
0000684,2023-03-03,US,Boston,consumer,957,1
0000685,2024-10-22,SE,Malmö,consumer,10324,1
0000686,2024-02-03,US,Austin,smb,30337,1
0000687,2023-05-26,SE,Göteborg,consumer,1052,1
0000688,2023-06-13,DE,Düsseldorf,consumer,13723,1
0000689,2024-09-05,BR,Curitiba,consumer,9188,1
0000690,2023-04-10,IS,Akureyri,consumer,23204,1
0000691,2024-09-30,GB,Leeds,consumer,3915,1
0000692,2024-10-30,PL,Łódź,consumer,50271,1
0000693,2024-12-11,US,Boston,consumer,6510,1
0000694,2024-10-01,GB,Leeds,consumer,15867,1
0000695,2024-03-21,DE,Düsseldorf,consumer,14644,1
0000696,2023-04-25,ES,Gijón,smb,3709,1
0000697,2023-08-27,GB,Bristol,consumer,4056,1
0000698,2024-05-04,FR,Angers,smb,7349,1
0000699,2024-03-12,US,Boston,smb,39546,1
0000700,2024-09-16,FR,Angers,consumer,4337,1
0000701,2023-10-07,GB,Manchester,consumer,9245,1
0000702,2023-05-13,US,Boston,smb,9981,1
0000703,2024-02-20,US,Austin,consumer,8896,1
0000704,2023-09-07,GB,Manchester,consumer,9340,1
0000705,2024-05-09,SE,Göteborg,consumer,44930,1
0000706,2023-12-11,US,Boston,smb,5928,1
0000707,2024-05-17,FR,Nîmes,smb,7657,1
0000708,2023-09-04,US,Portland,consumer,5764,1
0000709,2024-11-26,GB,Bristol,consumer,4839,1
0000710,2024-03-21,FR,Nîmes,consumer,6663,1
0000711,2023-07-12,DE,München,consumer,11669,1
0000712,2024-07-20,FR,Nîmes,consumer,15852,1
0000713,2023-12-20,US,Boston,consumer,32129,1
0000714,2024-01-18,BR,Curitiba,consumer,4162,1
0000715,2023-10-10,US,Austin,consumer,39213,1
0000716,2023-11-07,DE,Köln,consumer,16136,1
0000717,2024-01-07,DE,München,smb,24494,1
0000718,2023-03-28,DE,Köln,consumer,31930,1
0000719,2023-11-16,ES,Málaga,consumer,30163,1
0000720,2024-08-28,FR,Besançon,consumer,14908,1
0000721,2024-04-20,FR,Angers,consumer,2130,1
0000722,2023-07-13,FR,Nîmes,consumer,11509,1
0000723,2024-10-20,CH,Genève,enterprise,10418,1
0000724,2023-03-15,FR,Besançon,consumer,20750,1
0000725,2024-05-31,BR,Belém,consumer,16098,1
0000726,2024-03-19,FR,Nîmes,consumer,21253,1
0000727,2024-09-14,BR,Belém,enterprise,1768,1
0000728,2023-07-22,FR,Nîmes,consumer,14917,1
0000729,2023-10-12,US,Austin,consumer,24118,1
0000730,2023-11-21,GB,Bristol,consumer,21355,1
0000731,2023-08-15,SE,Göteborg,smb,25830,1
0000732,2023-05-11,SE,Örebro,smb,23804,1
0000733,2024-07-28,IS,Selfoss,consumer,27384,1
0000734,2024-06-03,DE,München,consumer,6949,1
0000735,2023-11-21,US,Austin,smb,15676,1
0000736,2023-06-23,US,Boston,smb,20351,1
0000737,2024-09-01,BR,Belém,consumer,17698,1
0000738,2024-01-14,FR,Angers,consumer,39566,1
0000739,2024-03-11,BR,São Paulo,consumer,15128,1
0000740,2024-05-15,PL,Łódź,consumer,3461,1
0000741,2024-11-23,CH,Basel,smb,15383,1
0000742,2024-07-26,ES,Málaga,consumer,10960,1
0000743,2024-10-15,GB,Leeds,consumer,17850,1
0000744,2024-08-31,US,Boston,smb,24242,1
0000745,2023-03-27,BR,São Paulo,consumer,13124,1
0000746,2023-11-21,US,Austin,consumer,20050,1
0000747,2024-07-25,FR,Angers,smb,5597,1
0000748,2024-02-25,PL,Gdańsk,consumer,30322,1
0000749,2024-10-05,DE,Köln,consumer,12699,1
0000750,2024-12-25,PL,Gdańsk,consumer,11091,1
0000751,2023-04-14,SE,Göteborg,consumer,9373,1
0000752,2024-08-13,IS,Akureyri,consumer,4962,1
0000753,2023-05-03,ES,Málaga,consumer,25178,1
0000754,2024-01-22,BR,São Paulo,consumer,38403,1
0000755,2023-08-07,GB,Bristol,consumer,38333,1
0000756,2024-11-30,ES,Málaga,smb,16209,1
0000757,2023-12-18,DE,Köln,consumer,5725,1
0000758,2023-10-09,US,Boston,consumer,3190,1
0000759,2024-11-30,FR,Besançon,consumer,7616,1
0000760,2024-10-22,GB,Manchester,smb,1306,1
0000761,2023-05-07,ES,Gijón,consumer,3232,1
0000762,2024-07-29,SE,Malmö,consumer,10355,1
0000763,2023-12-01,US,Boston,consumer,31207,1
0000764,2023-03-26,BR,São Paulo,consumer,13539,1
0000765,2024-01-05,DE,Düsseldorf,consumer,15379,1
0000766,2023-03-07,DE,Köln,consumer,10176,1
0000767,2024-07-23,DE,Düsseldorf,smb,21737,1
0000768,2023-02-22,US,Portland,consumer,30345,1
0000769,2023-09-26,FR,Besançon,consumer,5542,1
0000770,2023-08-03,BR,Belém,smb,1918,1
0000771,2023-08-15,FR,Angers,consumer,4973,1
0000772,2024-01-11,BR,Belém,consumer,6013,1
0000773,2023-02-23,US,Austin,consumer,2579,1
0000774,2024-09-01,FR,Angers,smb,7039,1
0000775,2024-10-25,SE,Örebro,consumer,42426,1
0000776,2024-08-04,BR,Belém,consumer,5144,1
0000777,2023-11-16,CH,Zürich,consumer,4529,1
0000778,2023-10-26,GB,Leeds,smb,11006,1
0000779,2023-09-20,DE,Köln,smb,6722,1
0000780,2023-09-18,GB,Leeds,consumer,52329,1
0000781,2024-09-25,FR,Angers,consumer,2379,1
0000782,2024-06-16,US,Portland,smb,17643,1
0000783,2024-12-08,CH,Basel,consumer,4916,1
0000784,2024-02-24,BR,Belém,smb,9169,1
0000785,2023-09-07,GB,Leeds,smb,12067,1
0000786,2024-01-25,DE,München,consumer,7982,1
0000787,2023-12-19,US,Portland,consumer,13993,1
0000788,2024-06-15,FR,Besançon,smb,26288,1
0000789,2024-06-27,CH,Zürich,consumer,16249,1
0000790,2024-06-20,US,Austin,consumer,4194,1
0000791,2023-07-20,US,Portland,consumer,17668,1
0000792,2024-10-17,DE,München,consumer,21424,1
0000793,2023-07-16,BR,São Paulo,smb,15363,1
0000794,2023-06-14,GB,Bristol,consumer,7595,1
0000795,2023-10-17,ES,Córdoba,enterprise,7735,1
0000796,2024-01-07,GB,Manchester,enterprise,4096,1
0000797,2023-05-29,CH,Genève,consumer,17855,1
0000798,2023-03-14,BR,São Paulo,smb,16044,1
0000799,2023-07-13,US,Portland,consumer,13961,1
0000800,2023-06-30,BR,Belém,smb,58236,1
0000801,2024-04-20,US,Austin,consumer,20628,1
0000802,2024-02-25,US,Boston,consumer,13931,1
0000803,2024-10-21,US,Austin,consumer,23507,1
0000804,2023-05-23,FR,Nîmes,enterprise,46573,1
0000805,2024-12-19,BR,Belém,consumer,16928,1
0000806,2024-10-02,ES,Málaga,smb,8561,1
0000807,2024-12-27,DE,München,consumer,15171,1
0000808,2023-03-22,US,Portland,consumer,16560,1
0000809,2023-08-12,ES,Córdoba,consumer,3574,1
0000810,2023-05-11,SE,Göteborg,consumer,530,1
0000811,2024-05-16,US,Boston,smb,35913,1
0000812,2023-12-27,DE,Köln,consumer,24041,1
0000813,2024-03-25,GB,Manchester,consumer,25293,1
0000814,2024-04-02,US,Austin,consumer,29813,1
0000815,2024-04-16,BR,São Paulo,consumer,28476,1
0000816,2024-07-01,DE,Düsseldorf,consumer,50102,1
0000817,2023-10-02,US,Portland,consumer,6159,1
0000818,2024-04-24,GB,Manchester,consumer,21560,1
0000819,2024-03-07,US,Austin,consumer,25790,1
0000820,2024-05-07,US,Austin,consumer,32897,1
0000821,2023-09-15,US,Portland,consumer,15633,1
0000822,2023-07-29,SE,Malmö,consumer,9971,1
0000823,2024-09-18,BR,São Paulo,consumer,45230,1
0000824,2023-08-23,US,Boston,consumer,19858,1
0000825,2023-07-04,GB,Manchester,consumer,29229,1
0000826,2024-08-30,CH,Zürich,consumer,22049,1
0000827,2024-07-04,US,Austin,consumer,3872,1
0000828,2024-12-05,FR,Angers,consumer,12161,1
0000829,2024-04-30,US,Portland,consumer,4469,1
0000830,2024-06-20,FR,Besançon,consumer,15633,1
0000831,2024-05-07,BR,Belém,consumer,20247,1
0000832,2024-05-17,GB,Manchester,consumer,5191,1
0000833,2023-11-09,BR,Belém,consumer,25961,1
0000834,2023-02-08,SE,Örebro,consumer,10193,1
0000835,2024-12-09,US,Portland,consumer,17383,1
0000836,2023-07-10,DE,Düsseldorf,enterprise,16584,1
0000837,2024-10-08,GB,Leeds,consumer,26089,1
0000838,2023-07-15,DE,München,consumer,7459,1
0000839,2023-03-25,DE,Köln,consumer,18184,1
0000840,2023-02-06,GB,Leeds,consumer,8140,1
0000841,2023-09-21,DE,Köln,smb,9802,1
0000842,2023-07-12,US,Boston,consumer,5825,1
0000843,2023-07-25,FR,Besançon,consumer,20009,1
0000844,2024-06-22,GB,Manchester,consumer,28274,1
0000845,2023-02-22,FR,Angers,consumer,12185,1
0000846,2024-04-02,FR,Nîmes,consumer,16284,1
0000847,2023-04-01,US,Portland,smb,22418,1
0000848,2024-03-09,BR,Curitiba,consumer,7426,1
0000849,2024-04-14,ES,Málaga,enterprise,17358,1
0000850,2024-01-16,FR,Nîmes,consumer,9700,1
0000851,2024-01-29,DE,München,consumer,16167,1
0000852,2023-06-05,US,Boston,consumer,11022,1
0000853,2023-11-24,US,Austin,consumer,11275,1
0000854,2023-05-26,US,Boston,enterprise,27138,1
0000855,2024-06-03,US,Boston,consumer,13923,1
0000856,2023-11-20,US,Austin,consumer,73456,1
0000857,2024-04-08,SE,Göteborg,consumer,8292,1
0000858,2023-08-16,BR,Curitiba,consumer,28725,1
0000859,2024-01-11,DE,Düsseldorf,consumer,14274,1
0000860,2024-01-09,ES,Málaga,consumer,7155,1
0000861,2024-07-03,CH,Zürich,smb,23122,1
0000862,2023-04-16,US,Portland,consumer,7423,1
0000863,2024-01-24,US,Boston,consumer,9719,1
0000864,2024-02-27,ES,Gijón,consumer,35765,1
0000865,2023-07-12,GB,Bristol,consumer,34658,1
0000866,2023-03-28,US,Austin,enterprise,8919,1
0000867,2023-09-12,PL,Gdańsk,consumer,11780,1
0000868,2024-02-20,CH,Basel,consumer,19239,1
0000869,2024-02-02,US,Austin,consumer,21706,1
0000870,2023-08-27,BR,Belém,consumer,11066,1
0000871,2023-11-17,DE,München,smb,2503,1
0000872,2023-10-01,US,Austin,consumer,13628,1
0000873,2023-03-16,US,Boston,consumer,22325,1
0000874,2024-04-19,US,Austin,smb,6574,1
0000875,2023-12-18,US,Austin,smb,17101,1
0000876,2024-07-07,GB,Bristol,consumer,13001,1
0000877,2024-05-16,FR,Besançon,consumer,7395,1
0000878,2024-04-05,PL,Gdańsk,consumer,13037,1
0000879,2024-06-13,DE,München,consumer,31389,1
0000880,2023-11-17,US,Austin,consumer,10299,1
0000881,2024-04-30,US,Boston,consumer,10499,1
0000882,2024-11-21,US,Boston,smb,29503,1
0000883,2024-12-19,GB,Manchester,smb,7017,1
0000884,2024-10-29,GB,Bristol,smb,15131,1
0000885,2024-11-06,US,Portland,enterprise,3513,1
0000886,2023-08-14,FR,Nîmes,smb,7726,1
0000887,2023-11-15,US,Boston,enterprise,5507,1
0000888,2023-05-23,FR,Nîmes,consumer,16822,1
0000889,2024-09-14,US,Portland,consumer,18457,1
0000890,2023-05-10,US,Boston,consumer,5640,1
0000891,2023-08-27,US,Boston,consumer,6625,1
0000892,2023-08-28,US,Austin,consumer,14550,1
0000893,2024-11-04,DE,Köln,consumer,11728,1
0000894,2024-08-15,DE,München,consumer,7448,1
0000895,2024-08-04,SE,Malmö,consumer,21477,1
0000896,2024-05-31,GB,Manchester,consumer,3104,1
0000897,2023-04-13,GB,Bristol,consumer,33029,1
0000898,2024-12-29,US,Austin,consumer,14039,1
0000899,2024-07-17,GB,Leeds,consumer,30502,1
0000900,2024-01-27,PL,Kraków,smb,19197,1
0000901,2024-06-11,GB,Leeds,consumer,22354,1
0000902,2023-11-10,SE,Örebro,consumer,7604,1
0000903,2024-12-30,CH,Zürich,consumer,21261,1
0000904,2024-08-28,PL,Łódź,consumer,23238,1
0000905,2023-06-04,FR,Besançon,enterprise,10305,1
0000906,2024-01-20,DE,Köln,consumer,5562,1
0000907,2023-07-29,DE,Köln,smb,16522,1
0000908,2024-11-06,US,Portland,consumer,4511,1
0000909,2024-09-30,US,Austin,smb,1739,1
0000910,2023-11-27,US,Boston,enterprise,15155,1
0000911,2024-06-01,BR,São Paulo,smb,20983,1
0000912,2024-09-26,DE,Köln,consumer,24651,1
0000913,2023-12-10,FR,Besançon,consumer,3111,1
0000914,2023-12-01,FR,Besançon,consumer,32555,1
0000915,2023-03-10,BR,Belém,consumer,33014,1
0000916,2024-06-14,US,Austin,consumer,69139,1
0000917,2024-11-10,US,Boston,consumer,11716,1
0000918,2024-10-31,ES,Málaga,consumer,6853,1
0000919,2024-02-07,BR,Curitiba,smb,19713,1
0000920,2023-12-15,US,Austin,consumer,50595,1
0000921,2023-04-20,FR,Angers,enterprise,18247,1
0000922,2023-02-09,GB,Manchester,smb,18484,1
0000923,2024-10-25,PL,Gdańsk,smb,21534,1
0000924,2023-04-22,BR,São Paulo,consumer,11893,1
0000925,2024-11-20,US,Portland,consumer,12072,1
0000926,2024-04-20,US,Portland,smb,34873,1
0000927,2023-07-15,CH,Genève,consumer,853,1
0000928,2024-07-10,US,Austin,smb,1167,1
0000929,2023-11-26,DE,Köln,consumer,29871,1
0000930,2024-09-30,DE,München,smb,3226,1
0000931,2023-11-29,SE,Göteborg,consumer,9982,1
0000932,2024-12-26,GB,Manchester,consumer,75603,1
0000933,2024-05-12,SE,Örebro,consumer,27097,1
0000934,2023-07-28,FR,Nîmes,consumer,12898,1
0000935,2023-12-06,US,Boston,consumer,26546,1
0000936,2024-12-25,US,Portland,consumer,13042,1
0000937,2024-01-15,US,Boston,enterprise,25501,1
0000938,2024-10-07,US,Portland,consumer,23443,1
0000939,2024-02-09,GB,Manchester,consumer,5013,1
0000940,2023-04-18,ES,Gijón,consumer,16812,1
0000941,2023-05-02,SE,Göteborg,consumer,41666,1
0000942,2024-05-16,SE,Örebro,consumer,6135,1
0000943,2024-08-17,US,Boston,smb,67840,1
0000944,2023-12-22,US,Austin,smb,32127,1
0000945,2024-09-28,US,Austin,consumer,26160,1
0000946,2024-11-15,US,Austin,consumer,12396,1
0000947,2023-05-26,IS,Reykjavík,smb,11244,1
0000948,2024-10-26,BR,Belém,consumer,21657,1
0000949,2023-05-20,PL,Kraków,consumer,14014,1
0000950,2023-10-17,DE,München,enterprise,26184,1
0000951,2024-02-09,US,Austin,consumer,24434,1
0000952,2024-05-21,GB,Manchester,smb,2996,1
0000953,2024-03-19,BR,Belém,consumer,14483,1
0000954,2024-03-02,FR,Angers,consumer,24788,1
0000955,2023-09-06,CH,Zürich,consumer,6870,1
0000956,2023-12-21,FR,Angers,consumer,10429,1
0000957,2023-05-17,US,Portland,consumer,22932,1
0000958,2023-11-20,US,Austin,smb,29514,1
0000959,2024-06-16,US,Portland,smb,7020,1
0000960,2023-06-28,DE,München,consumer,18637,1
0000961,2023-02-18,GB,Manchester,smb,9596,1
0000962,2023-05-01,CH,Basel,consumer,41766,1
0000963,2024-12-22,GB,Bristol,consumer,31945,1
0000964,2023-08-07,BR,São Paulo,consumer,7902,1
0000965,2023-08-12,FR,Besançon,consumer,953,1
0000966,2024-02-24,US,Portland,consumer,11968,1
0000967,2024-05-15,US,Portland,consumer,16203,1
0000968,2024-11-27,SE,Örebro,consumer,14805,1
0000969,2023-03-12,SE,Örebro,smb,30387,1
0000970,2024-10-19,US,Boston,smb,16222,1
0000971,2023-06-21,BR,Curitiba,smb,6231,1
0000972,2023-06-20,FR,Angers,consumer,29795,1
0000973,2023-03-21,SE,Göteborg,smb,22663,1
0000974,2023-04-24,US,Portland,consumer,25340,1
0000975,2023-09-15,US,Portland,smb,11040,1
0000976,2024-01-18,US,Austin,consumer,25825,1
0000977,2023-08-19,FR,Angers,consumer,10786,1
0000978,2024-06-21,ES,Gijón,consumer,7292,1
0000979,2023-07-05,US,Portland,consumer,29802,1
0000980,2023-10-10,US,Boston,consumer,2161,1
0000981,2023-08-29,CH,Zürich,consumer,4330,1
0000982,2024-07-23,BR,São Paulo,smb,4992,1
0000983,2023-02-05,PL,Kraków,consumer,10441,1
0000984,2024-08-04,CH,Zürich,smb,24080,1
0000985,2024-06-11,US,Austin,consumer,10508,1
0000986,2023-04-04,CH,Basel,consumer,22862,1
0000987,2024-07-07,US,Boston,consumer,1612,1
0000988,2023-10-18,DE,München,consumer,25712,1
0000989,2024-12-08,FR,Besançon,consumer,6913,1
0000990,2023-03-03,DE,Köln,smb,14587,1
0000991,2023-06-17,GB,Manchester,consumer,16279,1
0000992,2024-01-11,IS,Selfoss,consumer,37377,1
0000993,2024-09-27,DE,Köln,consumer,14973,1
0000994,2023-12-29,PL,Łódź,smb,8234,1
0000995,2023-03-17,GB,Manchester,consumer,31575,1
0000996,2024-06-10,GB,Leeds,consumer,13625,1
0000997,2024-05-18,BR,São Paulo,consumer,34348,1
0000998,2024-06-16,US,Portland,consumer,18081,1
0000999,2023-05-01,IS,Selfoss,consumer,34063,1
0001000,2024-12-11,US,Austin,consumer,40537,1
0001001,2023-09-16,DE,Düsseldorf,consumer,11707,1
0001002,2023-11-06,CH,Zürich,consumer,44853,1
0001003,2024-11-06,US,Austin,enterprise,16484,1
0001004,2023-02-05,CH,Basel,consumer,15127,1
0001005,2024-04-17,BR,Belém,consumer,2607,1
0001006,2023-12-17,SE,Örebro,enterprise,46699,1
0001007,2024-09-27,SE,Malmö,enterprise,12650,1
0001008,2023-03-25,US,Austin,consumer,49497,1
0001009,2024-04-30,US,Portland,consumer,11085,1
0001010,2024-12-30,PL,Łódź,consumer,9542,1
0001011,2024-11-01,PL,Kraków,consumer,18026,1
0001012,2024-03-26,GB,Bristol,smb,13057,1
0001013,2023-06-09,FR,Nîmes,enterprise,7024,1
0001014,2024-06-09,BR,Curitiba,smb,23331,1
0001015,2023-12-01,US,Boston,consumer,20253,1
0001016,2023-03-08,US,Portland,consumer,26136,1
0001017,2024-01-24,GB,Bristol,consumer,11660,1
0001018,2024-12-10,PL,Kraków,consumer,2523,1
0001019,2024-11-26,GB,Leeds,consumer,13777,1
0001020,2024-05-01,SE,Örebro,consumer,1475,1
0001021,2024-11-02,FR,Angers,consumer,1440,1
0001022,2024-06-26,BR,Curitiba,smb,38613,1
0001023,2023-04-03,US,Austin,consumer,15541,1
0001024,2023-04-11,FR,Angers,consumer,44268,1
0001025,2023-04-12,FR,Besançon,smb,17463,1
0001026,2023-11-29,SE,Malmö,consumer,2268,1
0001027,2023-09-21,US,Austin,enterprise,23731,1
0001028,2024-07-17,BR,Curitiba,consumer,17227,1
0001029,2023-08-31,DE,München,enterprise,7377,1
0001030,2024-01-03,DE,Düsseldorf,consumer,35047,1
0001031,2024-04-12,PL,Łódź,consumer,29292,1
0001032,2024-08-16,US,Portland,consumer,19304,1
0001033,2024-06-30,DE,Köln,smb,15981,1
0001034,2024-06-12,GB,Leeds,consumer,18889,1
0001035,2024-09-05,CH,Basel,consumer,56657,1
0001036,2023-05-20,PL,Kraków,consumer,24902,1
0001037,2024-11-15,FR,Besançon,consumer,34469,1
0001038,2024-02-19,GB,Bristol,smb,1941,1
0001039,2023-07-18,PL,Łódź,consumer,38099,1
0001040,2024-07-27,ES,Gijón,smb,17506,1
0001041,2024-08-26,US,Boston,consumer,6168,1
0001042,2024-01-23,US,Austin,consumer,26809,1
0001043,2024-04-04,US,Austin,smb,26750,1
0001044,2024-02-09,US,Boston,smb,10888,1
0001045,2024-05-30,US,Boston,consumer,14912,1
0001046,2023-11-21,CH,Basel,consumer,7705,1
0001047,2024-11-16,BR,São Paulo,consumer,8380,1
0001048,2024-05-08,BR,Curitiba,consumer,17593,1
0001049,2023-09-24,US,Portland,consumer,36853,1
0001050,2024-06-16,GB,Manchester,consumer,7370,1
0001051,2024-01-27,US,Austin,smb,6211,1
0001052,2024-01-10,GB,Bristol,consumer,15061,1
0001053,2024-01-20,US,Boston,consumer,24492,1
0001054,2023-04-30,ES,Gijón,smb,11490,1
0001055,2023-03-18,US,Portland,consumer,9176,1
0001056,2023-05-03,GB,Leeds,consumer,14001,1
0001057,2023-12-07,PL,Łódź,consumer,38877,1
0001058,2023-08-24,US,Boston,consumer,43271,1
0001059,2023-12-08,DE,München,consumer,63511,1
0001060,2023-10-10,ES,Gijón,consumer,1989,1
0001061,2023-02-28,FR,Besançon,smb,14760,1
0001062,2024-07-27,US,Boston,consumer,18336,1
0001063,2024-01-06,US,Portland,consumer,20856,1
0001064,2024-01-09,US,Portland,consumer,8247,1
0001065,2024-07-07,FR,Angers,consumer,10606,1
0001066,2023-08-02,US,Portland,consumer,10820,1
0001067,2023-04-13,US,Portland,consumer,8598,1
0001068,2024-12-31,FR,Nîmes,consumer,38635,1
0001069,2023-11-13,GB,Manchester,consumer,12384,1
0001070,2024-02-14,DE,München,enterprise,41538,1
0001071,2023-02-09,US,Portland,consumer,20917,1
0001072,2024-10-28,US,Austin,smb,12569,1
0001073,2024-02-05,US,Austin,consumer,3513,1
0001074,2023-07-04,CH,Genève,consumer,2448,1
0001075,2023-03-11,US,Portland,consumer,1953,1
0001076,2024-07-28,US,Boston,consumer,5920,1
0001077,2024-03-23,US,Austin,consumer,37836,1
0001078,2023-06-23,CH,Basel,enterprise,21521,1
0001079,2024-03-02,US,Portland,smb,7048,1
0001080,2023-10-03,SE,Malmö,smb,5434,1
0001081,2023-11-15,FR,Angers,consumer,17585,1
0001082,2023-03-12,FR,Angers,consumer,20148,1
0001083,2024-06-17,BR,Curitiba,consumer,13721,1
0001084,2024-09-10,GB,Leeds,consumer,24797,1
0001085,2023-11-07,GB,Bristol,consumer,13416,1
0001086,2024-04-28,US,Boston,smb,16375,1
0001087,2024-02-03,US,Portland,consumer,5589,1
0001088,2024-10-12,US,Austin,consumer,35533,1
0001089,2023-07-18,GB,Bristol,smb,9174,1
0001090,2023-09-05,GB,Bristol,consumer,6751,1
0001091,2023-12-21,PL,Łódź,consumer,4583,1
0001092,2023-05-27,US,Boston,smb,4388,1
0001093,2024-11-05,FR,Besançon,consumer,14704,1
0001094,2023-11-23,DE,Düsseldorf,consumer,6485,1
0001095,2024-05-11,US,Austin,consumer,37684,1
0001096,2023-02-03,GB,Bristol,consumer,23852,1
0001097,2024-06-21,PL,Gdańsk,consumer,30237,1
0001098,2024-07-14,US,Austin,consumer,30732,1
0001099,2024-12-17,DE,München,consumer,25506,1
0001100,2024-12-01,SE,Malmö,consumer,10875,1
0001101,2024-01-03,SE,Göteborg,consumer,31354,1
0001102,2024-06-18,FR,Nîmes,consumer,23713,1
0001103,2023-09-17,GB,Leeds,consumer,27583,1
0001104,2023-09-14,BR,São Paulo,consumer,2964,1
0001105,2024-11-23,US,Austin,consumer,9542,1
0001106,2024-02-11,SE,Göteborg,consumer,2229,1
0001107,2023-05-10,ES,Málaga,consumer,25841,1
0001108,2024-02-21,CH,Genève,consumer,22748,1
0001109,2023-03-06,IS,Akureyri,consumer,10560,1
0001110,2023-10-05,SE,Örebro,smb,22430,1
0001111,2024-04-10,GB,Leeds,consumer,6053,1
0001112,2024-03-04,DE,Köln,consumer,8555,1
0001113,2023-04-22,BR,Curitiba,consumer,19929,1
0001114,2024-07-23,SE,Malmö,consumer,15125,1
0001115,2024-06-21,BR,Belém,smb,10360,1
0001116,2024-03-06,US,Portland,enterprise,13773,1
0001117,2024-02-12,FR,Angers,consumer,31761,1
0001118,2023-09-27,FR,Nîmes,consumer,9280,1
0001119,2023-09-11,DE,Köln,smb,22696,1
0001120,2023-12-31,US,Austin,consumer,12181,1
0001121,2023-05-23,ES,Gijón,consumer,6239,1
0001122,2024-03-20,US,Boston,consumer,16298,1
0001123,2023-04-19,US,Portland,consumer,18471,1
0001124,2024-02-16,ES,Córdoba,smb,9305,1
0001125,2024-10-10,US,Boston,consumer,10625,1
0001126,2024-06-23,SE,Göteborg,consumer,15083,1
0001127,2024-08-18,FR,Besançon,consumer,26008,1
0001128,2024-10-28,US,Boston,consumer,27084,1
0001129,2024-03-21,BR,Curitiba,consumer,24304,1
0001130,2024-12-16,US,Austin,consumer,15106,1
0001131,2023-04-24,DE,München,enterprise,50312,1
0001132,2023-02-15,FR,Besançon,smb,66640,1
0001133,2024-04-02,GB,Manchester,consumer,29337,1
0001134,2023-02-19,ES,Gijón,enterprise,21492,1
0001135,2024-03-01,CH,Zürich,smb,17842,1
0001136,2023-03-22,US,Boston,consumer,15893,1
0001137,2024-06-06,US,Portland,enterprise,22804,1
0001138,2023-02-24,ES,Málaga,consumer,8527,1
0001139,2023-05-02,ES,Córdoba,consumer,8881,1
0001140,2024-09-19,US,Austin,enterprise,29437,1
0001141,2023-06-06,GB,Leeds,consumer,37180,1
0001142,2024-07-15,US,Portland,smb,14302,1
0001143,2024-10-09,US,Boston,consumer,6854,1
0001144,2023-09-18,US,Boston,smb,23620,1
0001145,2024-02-04,GB,Manchester,consumer,5588,1
0001146,2024-04-21,DE,Köln,consumer,21742,1
0001147,2023-08-18,DE,München,smb,22679,1
0001148,2023-04-25,CH,Zürich,consumer,8424,1
0001149,2023-04-03,SE,Örebro,consumer,16400,1
0001150,2024-07-14,US,Boston,consumer,4285,1
0001151,2023-02-08,US,Portland,consumer,20093,1
0001152,2024-09-05,US,Portland,consumer,27965,1
0001153,2024-12-18,GB,Leeds,consumer,14977,1
0001154,2023-03-03,PL,Kraków,consumer,21762,1
0001155,2024-02-09,GB,Leeds,consumer,11459,1
0001156,2023-04-03,US,Portland,smb,20451,1
0001157,2024-05-19,DE,München,consumer,8739,1
0001158,2024-07-12,BR,São Paulo,smb,8546,1
0001159,2023-07-31,US,Portland,smb,15932,1
0001160,2023-11-14,GB,Leeds,smb,26492,1
0001161,2024-09-12,US,Austin,enterprise,30269,1
0001162,2023-11-27,US,Austin,consumer,10732,1
0001163,2024-07-03,GB,Manchester,consumer,15234,1
0001164,2023-03-22,DE,München,smb,22248,1
0001165,2024-08-02,US,Boston,consumer,14986,1
0001166,2023-08-19,DE,München,smb,19547,1
0001167,2023-08-18,BR,Belém,consumer,47915,1
0001168,2023-11-04,FR,Besançon,smb,28290,1
0001169,2023-03-21,SE,Malmö,consumer,4538,1
0001170,2024-09-11,SE,Göteborg,smb,8434,1
0001171,2023-04-03,US,Boston,consumer,18451,1
0001172,2023-12-14,FR,Nîmes,consumer,11662,1
0001173,2023-05-14,BR,São Paulo,consumer,33275,1
0001174,2023-02-16,CH,Basel,smb,7824,1
0001175,2024-06-19,BR,Belém,consumer,38322,1
0001176,2023-07-30,ES,Gijón,smb,7858,1
0001177,2024-05-14,GB,Bristol,consumer,15285,1
0001178,2024-11-07,BR,Curitiba,consumer,13516,1
0001179,2024-02-22,FR,Nîmes,consumer,20463,1
0001180,2023-09-01,DE,München,enterprise,33100,1
0001181,2023-11-21,US,Boston,smb,11831,1
0001182,2024-05-18,US,Portland,consumer,1371,1
0001183,2024-09-01,US,Portland,consumer,16361,1
0001184,2024-05-27,SE,Göteborg,consumer,51003,1
0001185,2023-10-11,IS,Reykjavík,consumer,18822,1
0001186,2024-04-12,DE,Köln,smb,15331,1
0001187,2024-09-19,US,Austin,smb,8392,1
0001188,2023-02-12,US,Portland,consumer,14625,1
0001189,2023-11-25,ES,Córdoba,smb,14645,1
0001190,2023-10-15,FR,Angers,consumer,16427,1
0001191,2024-04-04,US,Boston,enterprise,4173,1
0001192,2023-07-27,PL,Łódź,consumer,13593,1
0001193,2023-06-29,SE,Malmö,enterprise,13981,1
0001194,2024-07-11,BR,São Paulo,consumer,12839,1
0001195,2023-11-03,ES,Málaga,smb,10382,1
0001196,2023-10-29,CH,Genève,consumer,42003,1
0001197,2024-07-24,FR,Nîmes,consumer,23744,1
0001198,2023-11-10,CH,Zürich,consumer,14324,1
0001199,2024-11-13,GB,Bristol,consumer,7740,1
0001200,2024-02-24,BR,Curitiba,consumer,61655,1
0001201,2024-05-25,US,Boston,consumer,34695,1
0001202,2024-12-21,ES,Gijón,consumer,51403,1
0001203,2024-12-25,FR,Angers,consumer,10242,1
0001204,2023-04-08,FR,Nîmes,consumer,31000,1
0001205,2024-07-18,US,Boston,consumer,62516,1
0001206,2024-07-30,US,Austin,smb,10619,1
0001207,2023-12-21,SE,Örebro,smb,9331,1
0001208,2024-05-25,BR,Curitiba,consumer,30941,1
0001209,2024-04-03,DE,München,consumer,9634,1
0001210,2023-04-30,GB,Manchester,smb,4791,1
0001211,2023-04-11,SE,Malmö,smb,7772,1
0001212,2024-11-29,FR,Angers,consumer,15154,1
0001213,2024-07-31,US,Portland,enterprise,7197,1
0001214,2024-08-18,US,Boston,consumer,13869,1
0001215,2023-11-23,FR,Besançon,consumer,19543,1
0001216,2024-05-14,GB,Leeds,consumer,21397,1
0001217,2023-09-13,CH,Genève,consumer,7240,1
0001218,2024-07-07,BR,Belém,consumer,34913,1
0001219,2024-09-17,SE,Örebro,consumer,9976,1
0001220,2024-09-12,US,Boston,consumer,11065,1
0001221,2023-03-31,FR,Nîmes,consumer,27881,1
0001222,2024-05-14,US,Boston,consumer,29801,1
0001223,2024-06-23,ES,Gijón,consumer,14136,1
0001224,2023-12-19,CH,Basel,consumer,5280,1
0001225,2024-07-22,US,Boston,enterprise,8469,1
0001226,2023-04-12,US,Boston,consumer,33281,1
0001227,2023-11-29,GB,Manchester,consumer,17069,1
0001228,2023-05-22,FR,Angers,smb,15048,1
0001229,2023-11-12,GB,Manchester,consumer,54379,1
0001230,2024-09-02,BR,Curitiba,enterprise,27358,1
0001231,2024-12-09,BR,Curitiba,consumer,25854,1
0001232,2023-08-06,SE,Malmö,consumer,7082,1
0001233,2024-09-08,IS,Reykjavík,consumer,4612,1
0001234,2023-11-10,PL,Gdańsk,enterprise,10207,1
0001235,2024-11-30,CH,Basel,consumer,9712,1
0001236,2024-11-13,CH,Genève,consumer,25334,1
0001237,2024-10-09,IS,Akureyri,consumer,16862,1
0001238,2023-02-26,US,Portland,smb,34475,1
0001239,2024-07-23,FR,Angers,smb,7609,1
0001240,2024-10-26,ES,Córdoba,consumer,5306,1
0001241,2023-09-29,GB,Bristol,consumer,6021,1
0001242,2023-09-19,GB,Leeds,smb,26030,1
0001243,2023-09-01,US,Portland,smb,15524,1
0001244,2024-12-29,DE,München,smb,16584,1
0001245,2023-06-03,PL,Gdańsk,enterprise,17901,1
0001246,2024-09-02,SE,Göteborg,consumer,42699,1
0001247,2024-09-23,BR,Curitiba,consumer,25491,1
0001248,2024-09-23,CH,Genève,consumer,13289,1
0001249,2024-01-27,DE,München,consumer,19218,1
0001250,2023-08-31,GB,Leeds,smb,24492,1
0001251,2023-12-03,US,Boston,smb,22441,1
0001252,2024-09-15,US,Austin,smb,20326,1
0001253,2023-08-01,GB,Leeds,consumer,24183,1
0001254,2023-10-05,BR,Curitiba,consumer,15610,1
0001255,2024-08-06,CH,Zürich,consumer,5358,1
0001256,2024-10-17,SE,Göteborg,consumer,31101,1
0001257,2023-02-19,FR,Angers,consumer,12906,1
0001258,2023-11-15,PL,Kraków,consumer,7548,1
0001259,2023-06-09,US,Austin,smb,10836,1
0001260,2024-06-19,US,Austin,smb,26954,1
0001261,2024-06-13,US,Austin,consumer,17953,1
0001262,2023-09-03,US,Boston,consumer,6723,1
0001263,2024-06-09,US,Portland,enterprise,8984,1
0001264,2023-10-06,US,Austin,consumer,72382,1
0001265,2024-04-20,DE,Düsseldorf,enterprise,8262,1
0001266,2024-10-24,CH,Basel,consumer,22290,1
0001267,2024-07-16,DE,Köln,consumer,8685,1
0001268,2024-04-28,US,Austin,consumer,6949,1
0001269,2023-07-01,US,Portland,consumer,4995,1
0001270,2024-06-06,SE,Malmö,consumer,24507,1
0001271,2023-10-31,FR,Nîmes,consumer,25957,1
0001272,2023-04-27,US,Portland,smb,27428,1
0001273,2023-03-10,US,Portland,enterprise,19862,1
0001274,2024-01-25,BR,São Paulo,smb,3458,1
0001275,2024-06-24,SE,Örebro,enterprise,24531,1
0001276,2023-12-03,US,Boston,consumer,6244,1
0001277,2024-12-22,US,Austin,consumer,4087,1
0001278,2024-02-03,CH,Basel,consumer,7334,1
0001279,2024-05-05,PL,Kraków,consumer,13694,1
0001280,2023-03-07,GB,Leeds,smb,4388,1
0001281,2023-09-06,DE,Köln,smb,10646,1
0001282,2023-08-24,GB,Bristol,consumer,32986,1
0001283,2024-09-24,FR,Nîmes,consumer,20556,1
0001284,2024-05-20,US,Boston,smb,21292,1
0001285,2024-10-22,DE,Köln,consumer,9488,1
0001286,2024-10-28,IS,Selfoss,smb,14296,1
0001287,2024-12-06,FR,Nîmes,consumer,30190,1
0001288,2024-10-30,SE,Örebro,smb,4311,1
0001289,2023-12-17,US,Boston,consumer,29910,1
0001290,2024-01-23,US,Portland,consumer,16013,1
0001291,2023-05-09,BR,Curitiba,consumer,18163,1
0001292,2024-02-01,US,Boston,smb,6685,1
0001293,2023-05-03,BR,Belém,consumer,4408,1
0001294,2023-02-02,DE,München,enterprise,3660,1
0001295,2024-02-07,US,Austin,consumer,5653,1
0001296,2023-11-09,US,Austin,enterprise,10043,1
0001297,2023-07-01,US,Portland,consumer,25366,1
0001298,2023-10-28,PL,Kraków,smb,5203,1
0001299,2024-10-26,FR,Nîmes,consumer,18222,1
0001300,2024-11-03,BR,São Paulo,consumer,21372,1
0001301,2024-09-24,US,Boston,enterprise,4147,1
0001302,2023-06-21,BR,São Paulo,consumer,17264,1
0001303,2023-04-21,BR,Curitiba,smb,3880,1
0001304,2024-01-13,GB,Bristol,enterprise,11095,1
0001305,2024-11-07,US,Portland,enterprise,43364,1
0001306,2024-07-16,US,Austin,consumer,11411,1
0001307,2023-06-17,US,Portland,enterprise,19177,1
0001308,2024-06-11,US,Boston,consumer,9992,1
0001309,2024-08-20,CH,Zürich,consumer,14552,1
0001310,2024-10-21,DE,München,consumer,7358,1
0001311,2023-04-25,FR,Angers,consumer,13030,1
0001312,2023-07-10,BR,Curitiba,consumer,1932,1
0001313,2024-12-16,DE,München,consumer,1414,1
0001314,2024-05-16,ES,Córdoba,consumer,10818,1
0001315,2023-12-04,SE,Göteborg,smb,9412,1
0001316,2023-09-15,DE,München,consumer,7936,1
0001317,2023-05-08,PL,Gdańsk,smb,31244,1
0001318,2023-11-11,US,Boston,consumer,5942,1
0001319,2024-03-29,PL,Gdańsk,consumer,9954,1
0001320,2024-09-29,US,Austin,consumer,9194,1
0001321,2024-12-24,BR,Belém,consumer,14303,1
0001322,2024-09-09,CH,Zürich,consumer,16830,1
0001323,2023-12-30,US,Austin,consumer,28776,1
0001324,2024-02-18,FR,Besançon,consumer,21365,1
0001325,2023-12-05,PL,Kraków,smb,10410,1
0001326,2023-09-10,US,Portland,consumer,23852,1
0001327,2023-04-27,BR,Curitiba,consumer,31514,1
0001328,2024-09-27,GB,Bristol,smb,13198,1
0001329,2023-05-08,DE,München,smb,25908,1
0001330,2023-03-25,US,Austin,consumer,11647,1
0001331,2023-05-16,ES,Córdoba,enterprise,28253,1
0001332,2024-11-14,FR,Nîmes,enterprise,22879,1
0001333,2023-06-10,IS,Akureyri,consumer,12164,1
0001334,2023-06-13,IS,Selfoss,consumer,14600,1
0001335,2023-06-29,PL,Gdańsk,consumer,15662,1
0001336,2023-09-28,FR,Besançon,smb,12311,1
0001337,2023-10-27,FR,Angers,consumer,2921,1
0001338,2024-07-23,PL,Łódź,smb,25745,1
0001339,2024-06-17,US,Portland,smb,3590,1
0001340,2023-05-10,PL,Kraków,smb,18183,1
0001341,2024-04-30,FR,Nîmes,consumer,6668,1
0001342,2023-12-28,GB,Manchester,consumer,20432,1
0001343,2023-08-11,ES,Córdoba,consumer,11336,1
0001344,2023-12-05,FR,Besançon,consumer,8875,1
0001345,2023-02-08,GB,Leeds,consumer,17007,1
0001346,2024-05-16,GB,Bristol,smb,1085,1
0001347,2023-07-18,IS,Akureyri,consumer,21380,1
0001348,2024-08-23,SE,Göteborg,consumer,15351,1
0001349,2024-12-18,CH,Zürich,consumer,16496,1
0001350,2023-09-14,BR,Curitiba,consumer,3294,1
0001351,2023-06-13,ES,Málaga,smb,14904,1
0001352,2023-12-07,SE,Göteborg,consumer,23500,1
0001353,2024-06-09,US,Austin,consumer,11995,1
0001354,2023-03-17,US,Austin,enterprise,19100,1
0001355,2024-02-07,FR,Besançon,smb,14162,1
0001356,2023-06-29,FR,Angers,consumer,14729,1
0001357,2024-11-13,US,Portland,consumer,9813,1
0001358,2023-10-26,IS,Reykjavík,consumer,2553,1
0001359,2024-01-15,GB,Bristol,consumer,22856,1
0001360,2024-02-24,GB,Bristol,consumer,6758,1
0001361,2023-06-17,US,Boston,consumer,9958,1
0001362,2023-06-03,US,Austin,consumer,26771,1
0001363,2024-05-08,US,Boston,consumer,3382,1
0001364,2023-08-27,US,Boston,consumer,24848,1
0001365,2024-08-01,GB,Manchester,smb,43999,1
0001366,2023-09-16,US,Austin,consumer,14536,1
0001367,2023-12-28,GB,Leeds,smb,16554,1
0001368,2023-11-01,GB,Leeds,consumer,5470,1
0001369,2024-05-08,DE,Düsseldorf,consumer,28866,1
0001370,2024-04-02,GB,Manchester,consumer,34278,1
0001371,2023-11-01,DE,Düsseldorf,consumer,31075,1
0001372,2023-10-08,ES,Málaga,smb,19874,1
0001373,2024-01-04,FR,Nîmes,consumer,26220,1
0001374,2023-03-02,DE,München,consumer,37929,1
0001375,2023-04-18,PL,Kraków,consumer,4505,1
0001376,2023-07-23,BR,Curitiba,smb,8633,1
0001377,2023-12-29,ES,Málaga,consumer,50325,1
0001378,2024-01-03,US,Portland,consumer,15546,1
0001379,2023-02-08,US,Boston,consumer,31869,1
0001380,2024-03-05,CH,Genève,consumer,10617,1
0001381,2024-01-28,US,Austin,smb,14565,1
0001382,2024-11-28,US,Portland,consumer,24759,1
0001383,2024-06-07,US,Austin,consumer,39201,1
0001384,2023-06-25,ES,Gijón,consumer,17916,1
0001385,2024-05-08,US,Boston,consumer,25880,1
0001386,2023-04-20,US,Portland,consumer,3845,1
0001387,2023-10-02,US,Portland,smb,21465,1
0001388,2024-02-07,PL,Kraków,smb,37052,1
0001389,2024-02-15,US,Portland,consumer,28722,1
0001390,2023-05-08,GB,Leeds,consumer,11745,1
0001391,2024-12-05,FR,Besançon,consumer,4351,1
0001392,2023-06-22,FR,Angers,consumer,1349,1
0001393,2024-01-02,US,Boston,consumer,15214,1
0001394,2023-08-23,BR,São Paulo,consumer,27887,1
0001395,2024-05-22,ES,Málaga,consumer,27624,1
0001396,2023-06-13,GB,Leeds,consumer,25228,1
0001397,2024-08-29,US,Portland,consumer,12408,1
0001398,2023-07-18,FR,Angers,smb,6413,1
0001399,2023-11-10,SE,Örebro,consumer,38740,1
0001400,2024-04-06,IS,Reykjavík,consumer,29941,1
0001401,2024-12-01,FR,Angers,smb,23024,1
0001402,2023-07-15,CH,Basel,enterprise,36202,1
0001403,2023-04-13,SE,Malmö,smb,16956,1
0001404,2023-06-21,US,Boston,consumer,12991,1
0001405,2024-02-25,GB,Manchester,smb,5891,1
0001406,2023-06-19,BR,Curitiba,consumer,3934,1
0001407,2024-02-04,US,Boston,consumer,19538,1
0001408,2023-02-03,GB,Leeds,consumer,20808,1
0001409,2024-12-30,SE,Göteborg,enterprise,23998,1
0001410,2024-01-17,DE,Düsseldorf,smb,15473,1
0001411,2024-07-13,GB,Leeds,smb,6645,1
0001412,2024-07-13,DE,Köln,consumer,19928,1
0001413,2024-01-05,CH,Basel,consumer,13734,1
0001414,2023-10-29,CH,Basel,consumer,12933,1
0001415,2024-04-30,SE,Malmö,enterprise,21168,1
0001416,2024-09-12,GB,Bristol,consumer,28742,1
0001417,2023-08-11,DE,Düsseldorf,consumer,7389,1
0001418,2024-02-21,GB,Leeds,consumer,19472,1
0001419,2024-08-09,IS,Akureyri,consumer,12112,1
0001420,2023-09-19,DE,München,consumer,42455,1
0001421,2024-01-06,US,Boston,consumer,22621,1
0001422,2023-11-09,BR,São Paulo,consumer,5016,1
0001423,2024-11-11,BR,Curitiba,smb,28551,1
0001424,2024-08-03,ES,Córdoba,consumer,12673,1
0001425,2024-10-14,FR,Angers,consumer,7301,1
0001426,2023-06-10,CH,Genève,smb,16356,1
0001427,2024-07-20,GB,Manchester,consumer,37453,1
0001428,2024-04-04,BR,São Paulo,enterprise,24973,1
0001429,2023-04-05,ES,Gijón,smb,27217,1
0001430,2024-05-30,SE,Örebro,smb,26093,1
0001431,2023-04-20,BR,Belém,enterprise,14483,1
0001432,2024-03-16,US,Austin,smb,17267,1
0001433,2024-04-02,FR,Angers,consumer,23811,1
0001434,2024-07-17,US,Boston,consumer,15930,1
0001435,2024-10-18,SE,Malmö,consumer,53172,1
0001436,2023-11-25,CH,Genève,consumer,17487,1
0001437,2023-03-26,DE,Düsseldorf,consumer,14431,1
0001438,2023-06-28,ES,Málaga,consumer,47164,1
0001439,2023-04-28,FR,Nîmes,smb,66603,1
0001440,2024-11-25,CH,Basel,consumer,9294,1
0001441,2024-10-30,US,Portland,consumer,29296,1
0001442,2024-08-25,US,Austin,smb,3954,1
0001443,2024-05-01,US,Austin,consumer,26450,1
0001444,2024-04-10,FR,Besançon,consumer,39340,1
0001445,2024-07-19,US,Boston,smb,23813,1
0001446,2023-07-25,DE,Köln,consumer,9224,1
0001447,2024-12-05,US,Portland,consumer,16596,1
0001448,2024-03-06,DE,München,consumer,27405,1
0001449,2023-12-22,DE,Köln,smb,19420,1
0001450,2024-11-20,FR,Angers,enterprise,19146,1
0001451,2023-04-25,US,Austin,consumer,30845,1
0001452,2023-08-07,FR,Nîmes,smb,52896,1
0001453,2023-04-20,ES,Córdoba,consumer,34248,1
0001454,2023-05-16,DE,München,consumer,25129,1
0001455,2023-11-17,SE,Malmö,consumer,13569,1
0001456,2024-02-04,BR,Belém,smb,4445,1
0001457,2023-08-15,BR,São Paulo,consumer,17930,1
0001458,2023-06-08,US,Boston,smb,3212,1
0001459,2024-10-23,SE,Malmö,consumer,8665,1
0001460,2023-07-22,CH,Basel,consumer,3550,1
0001461,2023-04-10,FR,Besançon,smb,37157,1
0001462,2024-09-06,FR,Nîmes,consumer,38494,1
0001463,2023-06-26,US,Austin,consumer,25002,1
0001464,2024-02-28,PL,Kraków,consumer,19416,1
0001465,2024-12-22,PL,Kraków,consumer,6737,1
0001466,2024-10-30,FR,Nîmes,consumer,15173,1
0001467,2023-11-23,ES,Gijón,smb,18962,1
0001468,2024-08-14,US,Austin,consumer,3104,1
0001469,2023-10-18,GB,Leeds,smb,2525,1
0001470,2024-02-11,SE,Göteborg,consumer,21412,1
0001471,2024-07-20,SE,Malmö,consumer,1886,1
0001472,2024-09-08,BR,Belém,smb,51599,1
0001473,2023-06-19,SE,Malmö,consumer,8350,1
0001474,2024-11-22,DE,Düsseldorf,consumer,8779,1
0001475,2024-06-11,FR,Nîmes,enterprise,10370,1
0001476,2023-10-18,DE,Düsseldorf,enterprise,18331,1
0001477,2024-02-08,ES,Málaga,consumer,70890,1
0001478,2023-06-27,SE,Malmö,consumer,24990,1
0001479,2024-10-20,DE,Düsseldorf,consumer,4284,1
0001480,2023-02-28,US,Austin,consumer,7567,1
0001481,2024-04-27,GB,Manchester,consumer,5734,1
0001482,2023-12-31,US,Portland,consumer,14421,1
0001483,2023-10-25,PL,Kraków,consumer,7631,1
0001484,2023-09-01,CH,Genève,consumer,12461,1
0001485,2024-10-23,FR,Besançon,consumer,13409,1
0001486,2023-12-05,SE,Örebro,consumer,21156,1
0001487,2024-12-22,SE,Örebro,consumer,15956,1
0001488,2024-06-24,US,Boston,consumer,7057,1
0001489,2024-06-24,BR,São Paulo,consumer,20936,1
0001490,2024-12-18,US,Portland,consumer,15543,1
0001491,2024-07-07,ES,Córdoba,consumer,28273,1
0001492,2023-06-23,US,Boston,consumer,37575,1
0001493,2023-08-17,US,Portland,consumer,18522,1
0001494,2024-03-06,US,Portland,consumer,7972,1
0001495,2023-06-21,SE,Örebro,smb,11053,1
0001496,2023-05-24,PL,Kraków,consumer,10389,1
0001497,2023-12-15,DE,München,consumer,8460,1
0001498,2023-08-14,CH,Zürich,consumer,3082,1
0001499,2023-10-15,FR,Nîmes,smb,23603,1
0001500,2023-10-22,US,Austin,smb,11130,1
0001501,2024-06-16,IS,Reykjavík,consumer,8039,1
0001502,2024-06-12,FR,Besançon,consumer,11955,1
0001503,2024-03-02,US,Boston,consumer,25639,1
0001504,2024-06-17,GB,Leeds,consumer,9937,1
0001505,2024-12-03,US,Boston,consumer,12806,1
0001506,2023-03-02,FR,Angers,consumer,20102,1
0001507,2024-11-11,FR,Nîmes,smb,25666,1
0001508,2024-06-17,DE,Düsseldorf,consumer,22957,1
0001509,2024-02-26,US,Portland,smb,28513,1
0001510,2023-11-06,SE,Malmö,consumer,28564,1
0001511,2024-03-03,GB,Bristol,consumer,4176,1
0001512,2024-11-05,US,Boston,consumer,22281,1
0001513,2024-07-31,US,Austin,smb,6740,1
0001514,2023-03-09,BR,Belém,smb,14188,1
0001515,2023-09-21,US,Portland,consumer,2129,1
0001516,2024-02-10,US,Portland,smb,36823,1
0001517,2023-11-21,ES,Gijón,consumer,11489,1
0001518,2023-02-02,US,Boston,consumer,46673,1
0001519,2023-06-10,PL,Łódź,consumer,41149,1
0001520,2024-03-14,US,Boston,consumer,25053,1
0001521,2024-06-17,PL,Kraków,consumer,23419,1
0001522,2023-02-19,US,Austin,consumer,5775,1
0001523,2024-03-12,BR,Curitiba,consumer,11589,1
0001524,2024-07-07,US,Boston,consumer,12579,1
0001525,2023-05-25,US,Portland,enterprise,501,1
0001526,2023-03-26,GB,Leeds,consumer,16925,1
0001527,2023-12-17,BR,Curitiba,consumer,18328,1
0001528,2024-08-20,DE,Düsseldorf,consumer,9673,1
0001529,2024-10-20,GB,Manchester,consumer,10594,1
0001530,2024-04-14,BR,São Paulo,consumer,14282,1
0001531,2023-09-05,US,Boston,consumer,11774,1
0001532,2023-06-08,US,Boston,consumer,34350,1
0001533,2023-12-12,US,Portland,consumer,11492,1
0001534,2024-03-30,CH,Genève,consumer,27275,1
0001535,2023-07-10,FR,Besançon,consumer,5356,1
0001536,2024-03-06,BR,Curitiba,consumer,7678,1
0001537,2024-07-11,DE,München,consumer,22770,1
0001538,2023-12-23,PL,Kraków,smb,11593,1
0001539,2023-06-28,US,Austin,consumer,14001,1
0001540,2023-11-18,FR,Besançon,smb,48409,1
0001541,2024-02-23,US,Portland,consumer,13934,1
0001542,2024-05-07,ES,Gijón,consumer,27485,1
0001543,2023-03-24,US,Portland,consumer,7924,1
0001544,2024-08-25,FR,Nîmes,smb,11305,1
0001545,2024-05-21,FR,Besançon,consumer,5217,1
0001546,2024-08-08,PL,Łódź,consumer,10739,1
0001547,2024-05-12,GB,Manchester,consumer,24921,1
0001548,2023-03-02,BR,Curitiba,consumer,43327,1
0001549,2024-08-13,DE,München,smb,20390,1
0001550,2023-02-09,BR,São Paulo,consumer,18966,1
0001551,2023-12-29,US,Portland,consumer,5955,1
0001552,2024-10-03,GB,Leeds,consumer,4865,1
0001553,2024-03-11,GB,Bristol,smb,10780,1
0001554,2024-01-19,CH,Basel,consumer,19027,1
0001555,2023-11-27,PL,Łódź,consumer,10008,1
0001556,2024-09-22,GB,Leeds,consumer,19084,1
0001557,2023-04-06,FR,Nîmes,consumer,15661,1
0001558,2024-11-24,GB,Bristol,consumer,10689,1
0001559,2023-11-11,US,Austin,enterprise,4845,1
0001560,2024-02-28,BR,Belém,smb,930,1
0001561,2024-03-03,CH,Zürich,consumer,19047,1
0001562,2024-07-31,FR,Besançon,smb,24089,1
0001563,2024-07-16,GB,Bristol,smb,2959,1
0001564,2024-12-23,PL,Gdańsk,consumer,3052,1
0001565,2023-10-07,DE,München,smb,3464,1
0001566,2023-08-19,CH,Genève,consumer,64421,1
0001567,2023-12-02,FR,Besançon,enterprise,1130,1
0001568,2024-08-26,DE,Köln,enterprise,11616,1
0001569,2024-06-15,FR,Nîmes,consumer,20075,1
0001570,2024-07-01,GB,Bristol,enterprise,11618,1
0001571,2024-07-08,GB,Bristol,consumer,15145,1
0001572,2023-12-15,IS,Selfoss,consumer,26179,1
0001573,2023-04-16,CH,Genève,smb,7822,1
0001574,2024-07-30,DE,Köln,consumer,25597,1
0001575,2024-07-08,US,Boston,consumer,20094,1
0001576,2023-03-11,US,Austin,consumer,33703,1
0001577,2024-04-04,GB,Leeds,consumer,39614,1
0001578,2024-01-10,PL,Gdańsk,consumer,11734,1
0001579,2024-11-19,GB,Bristol,smb,24740,1
0001580,2024-04-02,FR,Besançon,consumer,14419,1
0001581,2023-04-16,FR,Nîmes,smb,14364,1
0001582,2024-02-27,SE,Örebro,consumer,8039,1
0001583,2024-01-01,PL,Gdańsk,smb,10743,1
0001584,2024-07-04,PL,Kraków,consumer,29661,1
0001585,2024-02-28,FR,Nîmes,consumer,29569,1
0001586,2023-03-09,FR,Angers,consumer,7283,1
0001587,2024-05-25,GB,Leeds,smb,21844,1
0001588,2023-05-18,GB,Manchester,consumer,12386,1
0001589,2024-01-27,US,Portland,consumer,5843,1
0001590,2023-02-25,US,Austin,consumer,5903,1
0001591,2024-09-28,DE,München,consumer,17894,1
0001592,2023-06-29,BR,São Paulo,smb,8497,1
0001593,2023-07-13,BR,São Paulo,consumer,12239,1
0001594,2024-04-01,ES,Córdoba,enterprise,25930,1
0001595,2023-06-12,FR,Angers,consumer,11217,1
0001596,2024-03-23,DE,Köln,consumer,7449,1
0001597,2024-09-06,FR,Besançon,consumer,20714,1
0001598,2024-04-18,US,Boston,smb,6729,1
0001599,2023-04-26,GB,Manchester,consumer,11728,1
0001600,2023-03-27,US,Austin,consumer,23136,1
0001601,2024-02-02,US,Austin,smb,12322,1
0001602,2024-10-23,FR,Besançon,consumer,4641,1
0001603,2024-08-14,DE,München,enterprise,18405,1
0001604,2024-05-20,GB,Manchester,consumer,38500,1
0001605,2024-02-29,GB,Bristol,consumer,21145,1
0001606,2024-06-09,GB,Manchester,consumer,33041,1
0001607,2023-09-17,SE,Örebro,consumer,24481,1
0001608,2024-10-27,BR,Curitiba,consumer,17075,1
0001609,2024-05-26,BR,Curitiba,smb,29284,1
0001610,2024-05-21,US,Portland,smb,15060,1
0001611,2024-05-24,SE,Malmö,consumer,4114,1
0001612,2024-06-28,GB,Bristol,consumer,6871,1
0001613,2023-08-29,US,Portland,consumer,23649,1
0001614,2023-03-08,GB,Leeds,enterprise,17399,1
0001615,2023-10-31,IS,Akureyri,consumer,22910,1
0001616,2024-09-17,DE,Düsseldorf,consumer,8058,1
0001617,2023-10-13,CH,Basel,consumer,14796,1
0001618,2023-08-09,US,Portland,consumer,13070,1
0001619,2024-05-06,CH,Zürich,consumer,14638,1
0001620,2024-12-18,FR,Nîmes,consumer,6364,1
0001621,2023-10-15,US,Portland,consumer,9336,1
0001622,2024-04-03,PL,Kraków,consumer,15720,1
0001623,2024-03-09,GB,Manchester,smb,20131,1
0001624,2024-07-07,ES,Málaga,smb,22677,1
0001625,2023-02-12,CH,Zürich,smb,10934,1
0001626,2024-07-11,DE,Köln,consumer,24910,1
0001627,2024-11-25,BR,São Paulo,consumer,18029,1
0001628,2024-12-28,US,Boston,enterprise,8627,1
0001629,2023-09-24,SE,Malmö,smb,20360,1
0001630,2024-01-01,US,Austin,smb,14147,1
0001631,2024-12-10,PL,Kraków,consumer,12590,1
0001632,2024-07-11,US,Austin,smb,13213,1
0001633,2023-04-24,FR,Besançon,smb,7313,1
0001634,2023-02-28,FR,Nîmes,consumer,10077,1
0001635,2024-10-03,DE,Köln,consumer,31901,1
0001636,2023-12-10,BR,Belém,consumer,15922,1
0001637,2024-08-26,SE,Göteborg,consumer,14771,1
0001638,2023-08-12,BR,São Paulo,consumer,2590,1
0001639,2023-02-23,US,Boston,enterprise,60045,1
0001640,2023-06-17,US,Portland,consumer,7748,1
0001641,2024-07-20,DE,Köln,consumer,2419,1
0001642,2024-11-06,US,Austin,consumer,26648,1
0001643,2023-02-07,DE,Düsseldorf,consumer,22568,1
0001644,2024-01-04,DE,Düsseldorf,consumer,7653,1
0001645,2023-09-12,US,Boston,smb,25939,1
0001646,2024-08-11,BR,São Paulo,consumer,35256,1
0001647,2023-04-02,GB,Leeds,consumer,22474,1
0001648,2023-07-26,SE,Göteborg,smb,8702,1
0001649,2023-07-18,US,Boston,smb,8980,1
0001650,2023-08-31,US,Portland,smb,29413,1
0001651,2024-11-02,GB,Bristol,consumer,8679,1
0001652,2024-08-25,FR,Nîmes,consumer,6122,1
0001653,2024-02-09,IS,Reykjavík,consumer,13997,1
0001654,2024-08-27,US,Boston,consumer,11734,1
0001655,2023-12-02,PL,Łódź,smb,30194,1
0001656,2023-05-02,US,Austin,consumer,19442,1
0001657,2023-07-30,CH,Genève,smb,8977,1
0001658,2023-02-18,US,Boston,consumer,17467,1
0001659,2023-12-08,US,Boston,smb,13365,1
0001660,2024-09-03,US,Austin,enterprise,12678,1
0001661,2023-10-15,US,Austin,smb,38288,1
0001662,2023-07-03,US,Austin,consumer,16122,1
0001663,2024-03-13,GB,Manchester,consumer,2529,1
0001664,2024-07-01,GB,Bristol,enterprise,39041,1
0001665,2024-06-23,FR,Angers,enterprise,8363,1
0001666,2024-05-08,US,Boston,consumer,19600,1
0001667,2023-09-16,US,Austin,smb,20946,1
0001668,2024-11-13,BR,Curitiba,enterprise,4256,1
0001669,2023-11-23,PL,Gdańsk,smb,12528,1
0001670,2023-03-02,DE,München,enterprise,5284,1
0001671,2023-08-26,DE,Köln,smb,21645,1
0001672,2024-01-09,IS,Selfoss,consumer,23216,1
0001673,2024-01-13,SE,Örebro,consumer,6903,1
0001674,2023-02-03,US,Austin,consumer,5680,1
0001675,2023-04-29,GB,Leeds,consumer,19261,1
0001676,2024-12-03,US,Boston,consumer,7597,1
0001677,2023-02-24,BR,Curitiba,smb,3824,1
0001678,2024-12-27,DE,Düsseldorf,enterprise,14666,1
0001679,2023-03-20,CH,Zürich,smb,11121,1
0001680,2024-09-14,FR,Nîmes,smb,55622,1
0001681,2024-08-17,US,Portland,consumer,22741,1
0001682,2024-11-03,DE,Düsseldorf,consumer,35278,1
0001683,2024-03-20,PL,Kraków,consumer,2877,1
0001684,2024-03-25,US,Austin,consumer,19010,1
0001685,2023-06-07,SE,Göteborg,consumer,22198,1
0001686,2024-02-06,GB,Manchester,consumer,37630,1
0001687,2024-08-12,US,Austin,consumer,27858,1
0001688,2024-10-06,BR,Belém,consumer,11352,1
0001689,2024-12-15,PL,Łódź,consumer,22399,1
0001690,2024-01-03,PL,Gdańsk,consumer,13647,1
0001691,2024-02-26,IS,Reykjavík,smb,21258,1
0001692,2023-03-19,GB,Leeds,consumer,10943,1
0001693,2023-04-08,US,Boston,consumer,94141,1
0001694,2023-12-13,US,Portland,consumer,8331,1
0001695,2024-05-21,US,Austin,smb,50982,1
0001696,2024-11-21,GB,Leeds,consumer,28162,1
0001697,2023-10-07,BR,São Paulo,consumer,6375,1
0001698,2023-03-16,DE,Düsseldorf,smb,34296,1
0001699,2024-07-04,GB,Leeds,smb,17783,1
0001700,2024-12-20,SE,Malmö,smb,23745,1
0001701,2024-12-20,FR,Nîmes,consumer,5380,1
0001702,2024-10-06,BR,Belém,consumer,5817,1
0001703,2023-02-07,GB,Bristol,consumer,14688,1
0001704,2023-07-15,US,Boston,consumer,21603,1
0001705,2023-02-02,DE,Köln,consumer,12099,1
0001706,2024-11-15,GB,Leeds,smb,21331,1
0001707,2023-05-11,DE,Köln,consumer,29530,1
0001708,2023-03-07,US,Austin,consumer,32092,1
0001709,2023-07-22,US,Boston,smb,18652,1
0001710,2023-12-19,FR,Nîmes,smb,10203,1
0001711,2023-07-05,US,Boston,consumer,10106,1
0001712,2023-11-16,FR,Angers,consumer,19343,1
0001713,2024-03-23,GB,Leeds,consumer,4547,1
0001714,2024-01-09,GB,Leeds,smb,20067,1
0001715,2023-08-09,GB,Leeds,consumer,10938,1
0001716,2024-08-18,CH,Zürich,smb,12385,1
0001717,2024-06-06,DE,Köln,consumer,38037,1
0001718,2024-07-28,US,Boston,smb,26311,1
0001719,2024-01-07,GB,Manchester,consumer,44506,1
0001720,2024-09-16,US,Austin,consumer,8404,1
0001721,2024-07-01,GB,Bristol,consumer,10429,1
0001722,2024-01-04,PL,Kraków,smb,7022,1
0001723,2024-02-27,DE,Düsseldorf,smb,20875,1
0001724,2023-07-22,FR,Nîmes,consumer,8568,1
0001725,2024-01-11,BR,São Paulo,consumer,10415,1
0001726,2024-12-19,US,Austin,consumer,8075,1
0001727,2024-02-04,DE,München,consumer,15003,1
0001728,2024-04-14,FR,Nîmes,consumer,54791,1
0001729,2023-08-21,SE,Örebro,smb,19119,1
0001730,2023-08-01,IS,Akureyri,consumer,15510,1
0001731,2024-06-13,GB,Bristol,smb,14396,1
0001732,2024-12-31,US,Boston,consumer,9542,1
0001733,2024-07-18,PL,Kraków,consumer,8125,1
0001734,2024-07-26,GB,Bristol,consumer,3469,1
0001735,2024-09-24,DE,Düsseldorf,consumer,10423,1
0001736,2024-07-20,PL,Łódź,consumer,21179,1
0001737,2024-10-23,GB,Leeds,consumer,48065,1
0001738,2024-04-16,FR,Nîmes,consumer,40691,1
0001739,2024-05-30,DE,Düsseldorf,enterprise,7097,1
0001740,2024-06-08,US,Boston,consumer,10166,1
0001741,2023-09-17,PL,Kraków,consumer,1593,1
0001742,2023-04-04,BR,Curitiba,smb,14077,1
0001743,2024-06-16,US,Portland,smb,19562,1
0001744,2023-12-10,GB,Bristol,enterprise,1093,1
0001745,2023-04-13,US,Austin,consumer,12797,1
0001746,2023-09-27,GB,Leeds,smb,16057,1
0001747,2024-05-31,US,Portland,consumer,7859,1
0001748,2024-12-01,IS,Selfoss,consumer,11168,1
0001749,2024-08-07,ES,Córdoba,consumer,19479,1
0001750,2023-02-23,DE,München,consumer,11101,1
0001751,2023-02-02,DE,Düsseldorf,enterprise,29305,1
0001752,2023-02-07,US,Portland,consumer,13013,1
0001753,2024-11-09,US,Boston,smb,3216,1
0001754,2024-12-04,DE,Düsseldorf,consumer,5292,1
0001755,2023-10-07,DE,Köln,consumer,1203,1
0001756,2023-06-02,ES,Gijón,consumer,13514,1
0001757,2023-08-22,BR,Curitiba,consumer,50841,1
0001758,2024-07-16,US,Austin,consumer,21220,1
0001759,2023-07-16,DE,Köln,consumer,10999,1
0001760,2024-06-14,GB,Bristol,consumer,23278,1
0001761,2023-07-29,CH,Genève,consumer,17220,1
0001762,2024-10-18,FR,Angers,consumer,5653,1
0001763,2024-08-01,ES,Málaga,smb,18100,1
0001764,2023-05-13,US,Portland,consumer,10225,1
0001765,2023-06-30,BR,Curitiba,consumer,14443,1
0001766,2024-02-14,DE,München,smb,8360,1
0001767,2024-04-07,US,Portland,smb,35124,1
0001768,2023-07-22,PL,Kraków,consumer,18027,1
0001769,2023-02-19,FR,Angers,enterprise,38468,1
0001770,2024-10-08,GB,Leeds,consumer,25451,1
0001771,2023-10-27,PL,Gdańsk,consumer,7014,1
0001772,2023-07-17,BR,São Paulo,consumer,18916,1
0001773,2023-03-24,BR,Belém,consumer,32846,1
0001774,2023-05-17,US,Austin,consumer,3802,1
0001775,2023-05-25,CH,Genève,consumer,25140,1
0001776,2024-07-21,IS,Akureyri,smb,3950,1
0001777,2023-05-12,DE,München,consumer,14390,1
0001778,2024-01-30,GB,Bristol,consumer,22021,1
0001779,2023-08-29,PL,Gdańsk,consumer,49882,1
0001780,2024-09-24,US,Austin,smb,10603,1
0001781,2023-09-11,US,Austin,consumer,6365,1
0001782,2024-01-22,US,Portland,consumer,1301,1
0001783,2024-10-05,DE,München,smb,16208,1
0001784,2023-08-13,US,Austin,consumer,20488,1
0001785,2024-02-05,DE,Düsseldorf,consumer,15078,1
0001786,2023-09-16,FR,Angers,consumer,12310,1
0001787,2024-03-30,US,Boston,smb,22950,1
0001788,2024-12-15,DE,München,consumer,8872,1
0001789,2023-04-29,PL,Kraków,consumer,17601,1
0001790,2023-06-12,DE,Köln,consumer,14388,1
0001791,2023-10-16,BR,Belém,enterprise,29623,1
0001792,2023-12-11,US,Boston,consumer,14860,1
0001793,2023-08-28,SE,Malmö,consumer,7368,1
0001794,2024-04-22,FR,Besançon,consumer,7862,1
0001795,2023-05-29,DE,Köln,consumer,8418,1
0001796,2024-01-25,US,Austin,smb,18197,1
0001797,2023-07-30,SE,Göteborg,consumer,19993,1
0001798,2023-02-15,FR,Nîmes,consumer,14518,1
0001799,2024-11-12,PL,Łódź,consumer,15697,1
0001800,2023-10-09,US,Austin,consumer,44540,1
0001801,2024-12-08,ES,Córdoba,consumer,11578,1
0001802,2024-08-13,SE,Göteborg,consumer,6760,1
0001803,2023-04-01,US,Portland,smb,19080,1
0001804,2024-05-14,ES,Málaga,consumer,10098,1
0001805,2024-04-20,BR,Curitiba,consumer,9906,1
0001806,2023-10-03,CH,Basel,smb,31479,1
0001807,2023-08-18,US,Boston,consumer,8240,1
0001808,2024-10-19,IS,Akureyri,enterprise,25503,1
0001809,2023-08-16,FR,Besançon,consumer,23192,1
0001810,2024-02-10,US,Austin,consumer,13117,1
0001811,2023-12-09,US,Austin,consumer,16085,1
0001812,2024-02-24,US,Austin,consumer,26501,1
0001813,2023-03-28,US,Portland,consumer,2509,1
0001814,2023-04-13,DE,Düsseldorf,consumer,26100,1
0001815,2024-02-03,DE,Köln,consumer,13454,1
0001816,2024-08-18,FR,Nîmes,consumer,30604,1
0001817,2023-12-25,DE,München,consumer,17301,1
0001818,2024-06-26,DE,Düsseldorf,consumer,38537,1
0001819,2024-09-03,US,Boston,consumer,46996,1
0001820,2024-08-31,US,Portland,consumer,14910,1
0001821,2024-03-04,IS,Reykjavík,consumer,18772,1
0001822,2024-12-05,US,Portland,consumer,24539,1
0001823,2023-07-26,FR,Angers,smb,2128,1
0001824,2024-05-29,FR,Nîmes,consumer,22564,1
0001825,2023-09-13,FR,Angers,consumer,11739,1
0001826,2024-10-06,US,Boston,consumer,16644,1
0001827,2023-02-06,DE,München,smb,8424,1
0001828,2023-11-26,GB,Manchester,consumer,19560,1
0001829,2024-09-09,SE,Malmö,consumer,19579,1
0001830,2024-11-04,FR,Nîmes,enterprise,26203,1
0001831,2024-04-02,US,Portland,smb,11711,1
0001832,2023-04-30,BR,Curitiba,smb,7985,1
0001833,2023-05-13,DE,Düsseldorf,smb,21609,1
0001834,2024-06-19,US,Portland,consumer,132,1
0001835,2023-08-28,DE,München,smb,20800,1
0001836,2024-11-08,GB,Bristol,smb,4173,1
0001837,2024-06-19,US,Portland,consumer,30703,1
0001838,2024-02-19,US,Portland,consumer,6798,1
0001839,2024-03-10,PL,Łódź,consumer,25692,1
0001840,2023-08-12,SE,Göteborg,consumer,26367,1
0001841,2024-09-06,FR,Besançon,consumer,11824,1
0001842,2024-02-02,GB,Bristol,consumer,21679,1
0001843,2023-07-17,PL,Kraków,consumer,10279,1
0001844,2024-05-07,CH,Basel,consumer,41084,1
0001845,2024-02-29,GB,Leeds,consumer,25628,1
0001846,2024-09-06,PL,Gdańsk,smb,11197,1
0001847,2024-11-18,DE,Köln,consumer,49431,1
0001848,2024-08-19,GB,Manchester,consumer,15518,1
0001849,2024-03-15,BR,São Paulo,smb,13695,1
0001850,2024-02-24,ES,Córdoba,smb,5760,1
0001851,2023-07-14,DE,Düsseldorf,smb,10518,1
0001852,2024-05-11,DE,Köln,consumer,52063,1
0001853,2024-09-11,GB,Leeds,smb,9467,1
0001854,2024-05-25,DE,Düsseldorf,enterprise,74375,1
0001855,2024-08-24,PL,Łódź,consumer,14518,1
0001856,2024-11-28,GB,Manchester,consumer,27135,1
0001857,2024-02-18,DE,Köln,consumer,9561,1
0001858,2023-07-06,DE,München,smb,8261,1
0001859,2023-11-21,US,Austin,consumer,3173,1
0001860,2023-10-28,FR,Angers,consumer,5055,1
0001861,2024-12-12,PL,Gdańsk,consumer,10158,1
0001862,2024-04-22,ES,Gijón,smb,40488,1
0001863,2023-04-01,US,Austin,smb,14780,1
0001864,2023-03-21,GB,Leeds,smb,7236,1
0001865,2024-09-10,US,Boston,consumer,17063,1
0001866,2024-03-01,GB,Leeds,consumer,6483,1
0001867,2023-12-15,GB,Leeds,consumer,10373,1
0001868,2023-08-24,FR,Nîmes,consumer,14046,1
0001869,2023-03-09,BR,São Paulo,smb,8879,1
0001870,2024-12-28,US,Portland,consumer,2941,1
0001871,2023-07-12,BR,Curitiba,consumer,8289,1
0001872,2023-10-01,SE,Malmö,consumer,27823,1
0001873,2024-03-29,US,Portland,consumer,48470,1
0001874,2023-02-25,PL,Łódź,consumer,22465,1
0001875,2023-07-23,US,Boston,consumer,36177,1
0001876,2024-06-24,PL,Kraków,consumer,26328,1
0001877,2024-02-24,CH,Genève,consumer,42656,1
0001878,2024-02-01,DE,München,smb,8861,1
0001879,2024-03-05,US,Boston,smb,8178,1
0001880,2024-11-30,DE,Köln,consumer,3448,1
0001881,2023-08-10,FR,Besançon,consumer,31891,1
0001882,2023-11-12,BR,Belém,consumer,18298,1
0001883,2023-05-07,SE,Örebro,consumer,19597,1
0001884,2024-01-12,GB,Bristol,consumer,13935,1
0001885,2023-08-16,US,Austin,consumer,26226,1
0001886,2024-01-17,GB,Manchester,consumer,2258,1
0001887,2024-02-05,US,Boston,consumer,22727,1
0001888,2023-09-24,DE,Düsseldorf,smb,11303,1
0001889,2023-02-20,US,Austin,consumer,20520,1
0001890,2024-03-18,DE,Köln,smb,31935,1
0001891,2024-12-04,FR,Besançon,consumer,43178,1
0001892,2023-09-12,DE,Köln,consumer,11212,1
0001893,2024-03-26,FR,Besançon,consumer,369,1
0001894,2024-12-25,BR,São Paulo,consumer,14416,1
0001895,2023-10-07,GB,Leeds,consumer,32322,1
0001896,2024-06-23,SE,Örebro,consumer,5761,1
0001897,2024-10-11,DE,Düsseldorf,consumer,13258,1
0001898,2023-09-30,CH,Zürich,smb,59034,1
0001899,2024-11-11,US,Boston,enterprise,14957,1
0001900,2023-06-18,SE,Göteborg,smb,28072,1
0001901,2023-09-08,BR,Belém,enterprise,12069,1
0001902,2023-10-18,PL,Kraków,consumer,13815,1
0001903,2024-06-17,US,Portland,consumer,18128,1
0001904,2024-06-25,FR,Besançon,smb,4765,1
0001905,2024-03-29,SE,Malmö,consumer,27486,1
0001906,2024-07-19,ES,Málaga,consumer,21669,1
0001907,2024-01-03,US,Austin,consumer,8979,1
0001908,2023-09-02,CH,Genève,consumer,27278,1
0001909,2023-11-26,US,Boston,enterprise,17179,1
0001910,2023-09-13,US,Austin,consumer,18777,1
0001911,2023-07-19,US,Boston,consumer,19695,1
0001912,2023-11-07,FR,Nîmes,smb,30989,1
0001913,2024-10-18,IS,Selfoss,consumer,17445,1
0001914,2023-09-03,GB,Manchester,enterprise,48109,1
0001915,2024-02-06,ES,Córdoba,consumer,12411,1
0001916,2024-02-27,BR,São Paulo,smb,7132,1
0001917,2023-02-10,DE,Köln,smb,15369,1
0001918,2024-01-13,GB,Leeds,enterprise,34255,1
0001919,2023-04-19,US,Boston,smb,15803,1
0001920,2024-08-29,US,Austin,consumer,4301,1
0001921,2024-01-09,FR,Nîmes,smb,22787,1
0001922,2024-10-08,US,Boston,smb,13909,1
0001923,2023-05-02,GB,Leeds,consumer,19448,1
0001924,2024-05-20,FR,Nîmes,consumer,20876,1
0001925,2024-10-22,US,Boston,smb,15295,1
0001926,2024-03-22,BR,Belém,consumer,14834,1
0001927,2024-08-21,GB,Leeds,consumer,4254,1
0001928,2024-05-08,DE,Düsseldorf,consumer,9014,1
0001929,2023-12-28,US,Portland,consumer,15794,1
0001930,2023-07-21,SE,Malmö,consumer,14798,1
0001931,2023-10-07,ES,Gijón,consumer,13352,1
0001932,2024-09-16,US,Portland,consumer,4009,1
0001933,2024-07-14,DE,Köln,enterprise,39376,1
0001934,2023-11-12,ES,Córdoba,consumer,25644,1
0001935,2024-02-05,US,Boston,consumer,12324,1
0001936,2023-07-03,US,Boston,consumer,2013,1
0001937,2023-10-27,US,Portland,consumer,5580,1
0001938,2024-07-19,US,Boston,consumer,2974,1
0001939,2024-01-03,PL,Gdańsk,consumer,6008,1
0001940,2024-07-15,GB,Leeds,consumer,20194,1
0001941,2024-11-18,SE,Örebro,consumer,3295,1
0001942,2024-01-27,US,Austin,consumer,14503,1
0001943,2024-12-19,US,Austin,consumer,23584,1
0001944,2024-05-24,US,Austin,consumer,15287,1
0001945,2024-09-05,DE,Köln,enterprise,53301,1
0001946,2024-05-25,ES,Málaga,consumer,12435,1
0001947,2024-01-09,DE,Köln,smb,8694,1
0001948,2024-08-09,DE,Düsseldorf,consumer,12552,1
0001949,2023-10-04,US,Boston,enterprise,24149,1
0001950,2024-05-29,BR,Belém,consumer,6989,1
0001951,2023-12-11,DE,Düsseldorf,consumer,11457,1
0001952,2024-08-22,DE,Köln,consumer,16139,1
0001953,2024-06-28,FR,Angers,enterprise,4137,1
0001954,2023-08-28,US,Boston,consumer,5863,1
0001955,2023-03-02,ES,Málaga,smb,22773,1
0001956,2024-02-07,SE,Örebro,consumer,5511,1
0001957,2024-07-03,PL,Łódź,consumer,8819,1
0001958,2023-07-15,GB,Leeds,consumer,20734,1
0001959,2023-09-08,FR,Besançon,smb,42159,1
0001960,2023-10-04,SE,Malmö,consumer,33298,1
0001961,2024-11-08,ES,Córdoba,smb,5492,1
0001962,2024-08-11,DE,München,consumer,7098,1
0001963,2023-07-02,US,Austin,enterprise,34820,1
0001964,2024-01-27,BR,Belém,consumer,10394,1
0001965,2023-12-24,US,Portland,consumer,15301,1
0001966,2023-04-27,FR,Besançon,consumer,55193,1
0001967,2024-03-07,US,Austin,smb,6368,1
0001968,2024-05-21,CH,Basel,smb,13924,1
0001969,2024-11-15,DE,Köln,consumer,19540,1
0001970,2024-11-30,US,Portland,consumer,33645,1
0001971,2023-07-14,GB,Manchester,consumer,14411,1
0001972,2024-08-21,US,Portland,enterprise,29379,1
0001973,2024-09-01,CH,Basel,consumer,17281,1
0001974,2024-05-25,GB,Leeds,smb,3833,1
0001975,2023-06-15,GB,Leeds,consumer,19073,1
0001976,2023-05-31,SE,Göteborg,consumer,30930,1
0001977,2024-01-25,DE,München,consumer,45451,1
0001978,2023-12-08,FR,Nîmes,consumer,10948,1
0001979,2023-08-28,GB,Manchester,consumer,2756,1
0001980,2023-12-14,BR,São Paulo,smb,6424,1
0001981,2023-04-08,BR,Curitiba,consumer,12132,1
0001982,2024-06-04,DE,München,consumer,13203,1
0001983,2024-12-03,US,Portland,consumer,19507,1
0001984,2024-04-26,US,Boston,consumer,27102,1
0001985,2024-07-25,US,Portland,consumer,14118,1
0001986,2024-02-20,US,Boston,consumer,32199,1
0001987,2024-02-04,US,Portland,consumer,1378,1
0001988,2024-09-19,GB,Bristol,consumer,6756,1
0001989,2024-03-03,GB,Manchester,smb,18156,1
0001990,2024-03-16,US,Austin,consumer,8647,1
0001991,2023-02-11,GB,Manchester,consumer,5450,1
0001992,2024-03-16,GB,Bristol,consumer,19301,1
0001993,2023-05-28,SE,Malmö,smb,29676,1
0001994,2024-05-06,ES,Málaga,consumer,10388,1
0001995,2023-04-12,BR,Belém,consumer,22518,1
0001996,2023-10-09,US,Portland,smb,8151,1
0001997,2023-09-17,ES,Córdoba,consumer,2607,1
0001998,2024-12-17,BR,Belém,smb,3724,1
0001999,2023-06-06,US,Austin,consumer,18435,1
0002000,2024-06-14,US,Austin,consumer,26811,1
